﻿<?xml version="1.0" encoding="utf-8"?>
<abapGit version="v1.0.0" serializer="LCL_OBJECT_TABL" serializer_version="v1.0.0">
 <asx:abap xmlns:asx="http://www.sap.com/abapxml" version="1.0">
  <asx:values>
   <DD02V>
    <TABNAME>ZDDT_DEMO_S4_TRM</TABNAME>
    <DDLANGUAGE>E</DDLANGUAGE>
    <TABCLASS>TRANSP</TABCLASS>
    <CLIDEP>X</CLIDEP>
    <LANGDEP>X</LANGDEP>
    <DDTEXT>Draft table for entity ZI_DEMO_S4_PROJECT_INTERFACE</DDTEXT>
    <MASTERLANG>E</MASTERLANG>
    <CONTFLAG>A</CONTFLAG>
    <EXCLASS>4</EXCLASS>
   </DD02V>
   <DD09L>
    <TABNAME>ZDDT_DEMO_S4_TRM</TABNAME>
    <AS4LOCAL>A</AS4LOCAL>
    <TABKAT>4</TABKAT>
    <TABART>APPL1</TABART>
    <BUFALLOW>N</BUFALLOW>
   </DD09L>
   <DD03P_TABLE>
    <DD03P>
     <FIELDNAME>MANDT</FIELDNAME>
     <KEYFLAG>X</KEYFLAG>
     <ROLLNAME>MANDT</ROLLNAME>
     <ADMINFIELD>0</ADMINFIELD>
     <NOTNULL>X</NOTNULL>
     <COMPTYPE>E</COMPTYPE>
    </DD03P>
    <DD03P>
     <FIELDNAME>PROJECTUUID</FIELDNAME>
     <KEYFLAG>X</KEYFLAG>
     <ROLLNAME>SYSUUID_X16</ROLLNAME>
     <ADMINFIELD>0</ADMINFIELD>
     <NOTNULL>X</NOTNULL>
     <COMPTYPE>E</COMPTYPE>
    </DD03P>
    <DD03P>
     <FIELDNAME>PROJECTNAME</FIELDNAME>
     <ROLLNAME>TROBJ_NAME</ROLLNAME>
     <ADMINFIELD>0</ADMINFIELD>
     <COMPTYPE>E</COMPTYPE>
    </DD03P>
    <DD03P>
     <FIELDNAME>ECCTCODE</FIELDNAME>
     <ROLLNAME>TCODE</ROLLNAME>
     <ADMINFIELD>0</ADMINFIELD>
     <COMPTYPE>E</COMPTYPE>
    </DD03P>
    <DD03P>
     <FIELDNAME>S4TCODE</FIELDNAME>
     <ROLLNAME>TCODE</ROLLNAME>
     <ADMINFIELD>0</ADMINFIELD>
     <COMPTYPE>E</COMPTYPE>
    </DD03P>
    <DD03P>
     <FIELDNAME>SYSTEMSOURCE</FIELDNAME>
     <ROLLNAME>CHAR3</ROLLNAME>
     <ADMINFIELD>0</ADMINFIELD>
     <COMPTYPE>E</COMPTYPE>
    </DD03P>
    <DD03P>
     <FIELDNAME>REMEDIATEDBY</FIELDNAME>
     <ROLLNAME>CHAR120</ROLLNAME>
     <ADMINFIELD>0</ADMINFIELD>
     <COMPTYPE>E</COMPTYPE>
    </DD03P>
    <DD03P>
     <FIELDNAME>WORKSTREAMLEAD</FIELDNAME>
     <ROLLNAME>CHAR120</ROLLNAME>
     <ADMINFIELD>0</ADMINFIELD>
     <COMPTYPE>E</COMPTYPE>
    </DD03P>
    <DD03P>
     <FIELDNAME>STARTDATE</FIELDNAME>
     <ROLLNAME>DATUM</ROLLNAME>
     <ADMINFIELD>0</ADMINFIELD>
     <SHLPORIGIN>T</SHLPORIGIN>
     <COMPTYPE>E</COMPTYPE>
    </DD03P>
    <DD03P>
     <FIELDNAME>PROJECTEDDATE</FIELDNAME>
     <ROLLNAME>DATUM</ROLLNAME>
     <ADMINFIELD>0</ADMINFIELD>
     <SHLPORIGIN>T</SHLPORIGIN>
     <COMPTYPE>E</COMPTYPE>
    </DD03P>
    <DD03P>
     <FIELDNAME>COMPLETIONDATE</FIELDNAME>
     <ROLLNAME>DATUM</ROLLNAME>
     <ADMINFIELD>0</ADMINFIELD>
     <SHLPORIGIN>T</SHLPORIGIN>
     <COMPTYPE>E</COMPTYPE>
    </DD03P>
    <DD03P>
     <FIELDNAME>STARTYEAR</FIELDNAME>
     <ADMINFIELD>0</ADMINFIELD>
     <INTTYPE>C</INTTYPE>
     <INTLEN>000008</INTLEN>
     <DATATYPE>CHAR</DATATYPE>
     <LENG>000004</LENG>
     <MASK>  CHAR</MASK>
    </DD03P>
    <DD03P>
     <FIELDNAME>PROJECTTOTALDURATION</FIELDNAME>
     <ADMINFIELD>0</ADMINFIELD>
     <INTTYPE>X</INTTYPE>
     <INTLEN>000004</INTLEN>
     <DATATYPE>INT4</DATATYPE>
     <LENG>000010</LENG>
     <MASK>  INT4</MASK>
    </DD03P>
    <DD03P>
     <FIELDNAME>PROJECTDURATION</FIELDNAME>
     <ADMINFIELD>0</ADMINFIELD>
     <INTTYPE>X</INTTYPE>
     <INTLEN>000004</INTLEN>
     <DATATYPE>INT4</DATATYPE>
     <LENG>000010</LENG>
     <MASK>  INT4</MASK>
    </DD03P>
    <DD03P>
     <FIELDNAME>PROJECTDURATIONCRITICALITY</FIELDNAME>
     <ADMINFIELD>0</ADMINFIELD>
     <INTTYPE>X</INTTYPE>
     <INTLEN>000001</INTLEN>
     <DATATYPE>INT1</DATATYPE>
     <LENG>000003</LENG>
     <MASK>  INT1</MASK>
    </DD03P>
    <DD03P>
     <FIELDNAME>DEVELOPERASSIGNED</FIELDNAME>
     <ROLLNAME>CHAR120</ROLLNAME>
     <ADMINFIELD>0</ADMINFIELD>
     <COMPTYPE>E</COMPTYPE>
    </DD03P>
    <DD03P>
     <FIELDNAME>USERSASSIGNED</FIELDNAME>
     <ROLLNAME>CHAR255</ROLLNAME>
     <ADMINFIELD>0</ADMINFIELD>
     <COMPTYPE>E</COMPTYPE>
    </DD03P>
    <DD03P>
     <FIELDNAME>DEVELOPERSASSIGNED</FIELDNAME>
     <ROLLNAME>CHAR255</ROLLNAME>
     <ADMINFIELD>0</ADMINFIELD>
     <COMPTYPE>E</COMPTYPE>
    </DD03P>
    <DD03P>
     <FIELDNAME>FUNCTIONALSASSIGNED</FIELDNAME>
     <ROLLNAME>CHAR255</ROLLNAME>
     <ADMINFIELD>0</ADMINFIELD>
     <COMPTYPE>E</COMPTYPE>
    </DD03P>
    <DD03P>
     <FIELDNAME>ITGROUPASSIGNED</FIELDNAME>
     <ROLLNAME>CHAR120</ROLLNAME>
     <ADMINFIELD>0</ADMINFIELD>
     <COMPTYPE>E</COMPTYPE>
    </DD03P>
    <DD03P>
     <FIELDNAME>PROJECTSPONSOR</FIELDNAME>
     <ROLLNAME>CHAR120</ROLLNAME>
     <ADMINFIELD>0</ADMINFIELD>
     <COMPTYPE>E</COMPTYPE>
    </DD03P>
    <DD03P>
     <FIELDNAME>PROCESSOWNER</FIELDNAME>
     <ROLLNAME>CHAR120</ROLLNAME>
     <ADMINFIELD>0</ADMINFIELD>
     <COMPTYPE>E</COMPTYPE>
    </DD03P>
    <DD03P>
     <FIELDNAME>REQUESTORCOMPANY</FIELDNAME>
     <ROLLNAME>CHAR120</ROLLNAME>
     <ADMINFIELD>0</ADMINFIELD>
     <COMPTYPE>E</COMPTYPE>
    </DD03P>
    <DD03P>
     <FIELDNAME>REQUESTORDEPARTMENT</FIELDNAME>
     <ROLLNAME>CHAR120</ROLLNAME>
     <ADMINFIELD>0</ADMINFIELD>
     <COMPTYPE>E</COMPTYPE>
    </DD03P>
    <DD03P>
     <FIELDNAME>AFFECTEDPLATFORMS</FIELDNAME>
     <ROLLNAME>CHAR120</ROLLNAME>
     <ADMINFIELD>0</ADMINFIELD>
     <COMPTYPE>E</COMPTYPE>
    </DD03P>
    <DD03P>
     <FIELDNAME>CHARMNUMBER</FIELDNAME>
     <ROLLNAME>CHAR255</ROLLNAME>
     <ADMINFIELD>0</ADMINFIELD>
     <COMPTYPE>E</COMPTYPE>
    </DD03P>
    <DD03P>
     <FIELDNAME>WORKITEM</FIELDNAME>
     <ROLLNAME>CHAR120</ROLLNAME>
     <ADMINFIELD>0</ADMINFIELD>
     <COMPTYPE>E</COMPTYPE>
    </DD03P>
    <DD03P>
     <FIELDNAME>OBJECTIVEORPURPOSE</FIELDNAME>
     <ROLLNAME>CHAR255</ROLLNAME>
     <ADMINFIELD>0</ADMINFIELD>
     <COMPTYPE>E</COMPTYPE>
    </DD03P>
    <DD03P>
     <FIELDNAME>PROJECTTYPE</FIELDNAME>
     <ADMINFIELD>0</ADMINFIELD>
     <INTTYPE>C</INTTYPE>
     <INTLEN>000022</INTLEN>
     <DATATYPE>CHAR</DATATYPE>
     <LENG>000011</LENG>
     <MASK>  CHAR</MASK>
    </DD03P>
    <DD03P>
     <FIELDNAME>PROJECTTYPEDESCRIPTION</FIELDNAME>
     <ROLLNAME>CHAR120</ROLLNAME>
     <ADMINFIELD>0</ADMINFIELD>
     <COMPTYPE>E</COMPTYPE>
    </DD03P>
    <DD03P>
     <FIELDNAME>CLASSIFICATION</FIELDNAME>
     <ROLLNAME>CHAR120</ROLLNAME>
     <ADMINFIELD>0</ADMINFIELD>
     <COMPTYPE>E</COMPTYPE>
    </DD03P>
    <DD03P>
     <FIELDNAME>PHASE</FIELDNAME>
     <ROLLNAME>CHAR120</ROLLNAME>
     <ADMINFIELD>0</ADMINFIELD>
     <COMPTYPE>E</COMPTYPE>
    </DD03P>
    <DD03P>
     <FIELDNAME>EFFORTSAVEDORBENEFIT</FIELDNAME>
     <ROLLNAME>CHAR255</ROLLNAME>
     <ADMINFIELD>0</ADMINFIELD>
     <COMPTYPE>E</COMPTYPE>
    </DD03P>
    <DD03P>
     <FIELDNAME>ADDITIONALDETAIL</FIELDNAME>
     <ROLLNAME>CHAR255</ROLLNAME>
     <ADMINFIELD>0</ADMINFIELD>
     <COMPTYPE>E</COMPTYPE>
    </DD03P>
    <DD03P>
     <FIELDNAME>ADDITIONALDETAIL_2</FIELDNAME>
     <ROLLNAME>CHAR255</ROLLNAME>
     <ADMINFIELD>0</ADMINFIELD>
     <COMPTYPE>E</COMPTYPE>
    </DD03P>
    <DD03P>
     <FIELDNAME>COMPLEXITY</FIELDNAME>
     <ADMINFIELD>0</ADMINFIELD>
     <INTTYPE>C</INTTYPE>
     <INTLEN>000012</INTLEN>
     <DATATYPE>CHAR</DATATYPE>
     <LENG>000006</LENG>
     <MASK>  CHAR</MASK>
    </DD03P>
    <DD03P>
     <FIELDNAME>TESTSTATUS</FIELDNAME>
     <ROLLNAME>CHAR20</ROLLNAME>
     <ADMINFIELD>0</ADMINFIELD>
     <COMPTYPE>E</COMPTYPE>
    </DD03P>
    <DD03P>
     <FIELDNAME>STATUSDESCRIPTION</FIELDNAME>
     <ROLLNAME>CHAR255</ROLLNAME>
     <ADMINFIELD>0</ADMINFIELD>
     <COMPTYPE>E</COMPTYPE>
    </DD03P>
    <DD03P>
     <FIELDNAME>STATUSCRITICALITY</FIELDNAME>
     <ADMINFIELD>0</ADMINFIELD>
     <INTTYPE>X</INTTYPE>
     <INTLEN>000001</INTLEN>
     <DATATYPE>INT1</DATATYPE>
     <LENG>000003</LENG>
     <MASK>  INT1</MASK>
    </DD03P>
    <DD03P>
     <FIELDNAME>PRIORITY</FIELDNAME>
     <ROLLNAME>INT1</ROLLNAME>
     <ADMINFIELD>0</ADMINFIELD>
     <COMPTYPE>E</COMPTYPE>
    </DD03P>
    <DD03P>
     <FIELDNAME>PRIORITYDESCRIPTION</FIELDNAME>
     <ROLLNAME>CHAR10</ROLLNAME>
     <ADMINFIELD>0</ADMINFIELD>
     <COMPTYPE>E</COMPTYPE>
    </DD03P>
    <DD03P>
     <FIELDNAME>PRIORITYCRITICALITY</FIELDNAME>
     <ROLLNAME>INT1</ROLLNAME>
     <ADMINFIELD>0</ADMINFIELD>
     <COMPTYPE>E</COMPTYPE>
    </DD03P>
    <DD03P>
     <FIELDNAME>PROJECTEDWORKHOURS</FIELDNAME>
     <ROLLNAME>INT4</ROLLNAME>
     <ADMINFIELD>0</ADMINFIELD>
     <COMPTYPE>E</COMPTYPE>
    </DD03P>
    <DD03P>
     <FIELDNAME>TOTALWORKHOURS</FIELDNAME>
     <ROLLNAME>INT4</ROLLNAME>
     <ADMINFIELD>0</ADMINFIELD>
     <COMPTYPE>E</COMPTYPE>
    </DD03P>
    <DD03P>
     <FIELDNAME>WORKLOGCHARTVALUE</FIELDNAME>
     <ROLLNAME>INT4</ROLLNAME>
     <ADMINFIELD>0</ADMINFIELD>
     <COMPTYPE>E</COMPTYPE>
    </DD03P>
    <DD03P>
     <FIELDNAME>WORKLOGCRITICALITY</FIELDNAME>
     <ADMINFIELD>0</ADMINFIELD>
     <INTTYPE>X</INTTYPE>
     <INTLEN>000001</INTLEN>
     <DATATYPE>INT1</DATATYPE>
     <LENG>000003</LENG>
     <MASK>  INT1</MASK>
    </DD03P>
    <DD03P>
     <FIELDNAME>PROGRESSINDICATOR</FIELDNAME>
     <ROLLNAME>INT1</ROLLNAME>
     <ADMINFIELD>0</ADMINFIELD>
     <COMPTYPE>E</COMPTYPE>
    </DD03P>
    <DD03P>
     <FIELDNAME>CREATEDBY</FIELDNAME>
     <ROLLNAME>SYUNAME</ROLLNAME>
     <ADMINFIELD>0</ADMINFIELD>
     <COMPTYPE>E</COMPTYPE>
    </DD03P>
    <DD03P>
     <FIELDNAME>CREATEDAT</FIELDNAME>
     <ROLLNAME>TIMESTAMPL</ROLLNAME>
     <ADMINFIELD>0</ADMINFIELD>
     <COMPTYPE>E</COMPTYPE>
    </DD03P>
    <DD03P>
     <FIELDNAME>LASTCHANGEDBY</FIELDNAME>
     <ROLLNAME>SYUNAME</ROLLNAME>
     <ADMINFIELD>0</ADMINFIELD>
     <COMPTYPE>E</COMPTYPE>
    </DD03P>
    <DD03P>
     <FIELDNAME>LASTCHANGEDAT</FIELDNAME>
     <ROLLNAME>TIMESTAMPL</ROLLNAME>
     <ADMINFIELD>0</ADMINFIELD>
     <COMPTYPE>E</COMPTYPE>
    </DD03P>
    <DD03P>
     <FIELDNAME>LOCALLASTCHANGEDAT</FIELDNAME>
     <ROLLNAME>TIMESTAMPL</ROLLNAME>
     <ADMINFIELD>0</ADMINFIELD>
     <COMPTYPE>E</COMPTYPE>
    </DD03P>
    <DD03P>
     <FIELDNAME>.INCLUDE</FIELDNAME>
     <ADMINFIELD>0</ADMINFIELD>
     <PRECFIELD>SYCH_BDL_DRAFT_ADMIN_INC</PRECFIELD>
     <MASK>      S</MASK>
     <DDTEXT>Standard Include for Draft Administration (BDL Syntax Check)</DDTEXT>
     <COMPTYPE>S</COMPTYPE>
     <GROUPNAME>%ADMIN</GROUPNAME>
    </DD03P>
   </DD03P_TABLE>
  </asx:values>
 </asx:abap>
</abapGit>
