<edmx:Edmx xmlns:edmx="http://docs.oasis-open.org/odata/ns/edmx" Version="4.0">                                                                                                                                                                                
    <edmx:Reference Uri="https://sap.github.io/odata-vocabularies/vocabularies/UI.xml">                                                                                                                                                                        
        <edmx:Include Namespace="com.sap.vocabularies.UI.v1" Alias="UI"/>                                                                                                                                                                                      
    </edmx:Reference>                                                                                                                                                                                                                                          
    <edmx:Reference Uri="/sap/opu/odata4/sap/zui_demo_user_roles_o4/srvd/sap/zui_demo_user_roles/0001/$metadata">                                                                                                                                              
        <edmx:Include Namespace="com.sap.gateway.srvd.zui_demo_user_roles.v0001" Alias="SAP__self"/>                                                                                                                                                           
    </edmx:Reference>                                                                                                                                                                                                                                          
    <edmx:DataServices>                                                                                                                                                                                                                                        
        <Schema xmlns="http://docs.oasis-open.org/odata/ns/edm" Namespace="local">                                                                                                                                                                             
            <Annotations Target="SAP__self.UserRolesType">                                                                                                                                                                                                     
                <Annotation Term="UI.FieldGroup" Qualifier="GeneratedGroup1">                                                                                                                                                                                  
                    <Record Type="UI.FieldGroupType">                                                                                                                                                                                                          
                        <PropertyValue Property="Data">                                                                                                                                                                                                        
                            <Collection>                                                                                                                                                                                                                       
                                <Record Type="UI.DataField">                                                                                                                                                                                                   
                                    <PropertyValue Property="Value" Path="Username"/>                                                                                                                                                                          
                                </Record>                                                                                                                                                                                                                      
                                <Record Type="UI.DataField">                                                                                                                                                                                                   
                                    <PropertyValue Property="Value" Path="Role"/>                                                                                                                                                                              
                                </Record>                                                                                                                                                                                                                      
                                <Record Type="UI.DataField">                                                                                                                                                                                                   
                                    <PropertyValue Property="Value" Path="CreatedBy"/>                                                                                                                                                                         
                                </Record>                                                                                                                                                                                                                      
                                <Record Type="UI.DataField">                                                                                                                                                                                                   
                                    <PropertyValue Property="Value" Path="CreatedAt"/>                                                                                                                                                                         
                                </Record>                                                                                                                                                                                                                      
                                <Record Type="UI.DataField">                                                                                                                                                                                                   
                                    <PropertyValue Property="Value" Path="LastChangedBy"/>                                                                                                                                                                     
                                </Record>                                                                                                                                                                                                                      
                                <Record Type="UI.DataField">                                                                                                                                                                                                   
                                    <PropertyValue Property="Value" Path="LastChangedAt"/>                                                                                                                                                                     
                                </Record>                                                                                                                                                                                                                      
                                <Record Type="UI.DataField">                                                                                                                                                                                                   
                                    <PropertyValue Property="Value" Path="LocalLastChangedAt"/>                                                                                                                                                                
                                </Record>                                                                                                                                                                                                                      
                            </Collection>                                                                                                                                                                                                                      
                        </PropertyValue>                                                                                                                                                                                                                       
                    </Record>                                                                                                                                                                                                                                  
                </Annotation>                                                                                                                                                                                                                                  
                <Annotation Term="UI.Facets">                                                                                                                                                                                                                  
                    <Collection>                                                                                                                                                                                                                               
                        <Record Type="UI.ReferenceFacet">                                                                                                                                                                                                      
                            <PropertyValue Property="ID" String="GeneratedFacet1"/>                                                                                                                                                                            
                            <PropertyValue Property="Label" String="General Information"/>                                                                                                                                                                     
                            <PropertyValue Property="Target" AnnotationPath="@UI.FieldGroup#GeneratedGroup1"/>                                                                                                                                                 
                        </Record>                                                                                                                                                                                                                              
                    </Collection>                                                                                                                                                                                                                              
                </Annotation>                                                                                                                                                                                                                                  
            </Annotations>                                                                                                                                                                                                                                     
        </Schema>                                                                                                                                                                                                                                              
    </edmx:DataServices>                                                                                                                                                                                                                                       
</edmx:Edmx>                                                                                                                                                                                                                                                   