{                                                                                                                                                                                                                                                              
	"_version": "1.37.0",                                                                                                                                                                                                                                         
	"sap.app": {                                                                                                                                                                                                                                                  
		"id": "projectsdemoapp",                                                                                                                                                                                                                                     
		"type": "application",                                                                                                                                                                                                                                       
		"i18n": "i18n/i18n.properties",                                                                                                                                                                                                                              
		"applicationVersion": {                                                                                                                                                                                                                                      
			"version": "0.0.1"                                                                                                                                                                                                                                          
		},                                                                                                                                                                                                                                                           
		"title": "{{appTitle}}",                                                                                                                                                                                                                                     
		"description": "{{appDescription}}",                                                                                                                                                                                                                         
		"resources": "resources.json",                                                                                                                                                                                                                               
		"sourceTemplate": {                                                                                                                                                                                                                                          
			"id": "@sap/generator-fiori:lrop",                                                                                                                                                                                                                          
			"version": "1.10.2",                                                                                                                                                                                                                                        
			"toolsId": "921dad6f-2918-4439-aea6-46b80f60e04d"                                                                                                                                                                                                           
		},                                                                                                                                                                                                                                                           
		"dataSources": {                                                                                                                                                                                                                                             
			"mainService": {                                                                                                                                                                                                                                            
				"uri": "/sap/opu/odata4/sap/zui_demo_s4_project_int_o4/srvd/sap/zui_demo_s4_project_interface/0001/",                                                                                                                                                      
				"type": "OData",                                                                                                                                                                                                                                           
				"settings": {                                                                                                                                                                                                                                              
					"annotations": ["annotation"],                                                                                                                                                                                                                            
					"localUri": "localService/metadata.xml",                                                                                                                                                                                                                  
					"odataVersion": "4.0"                                                                                                                                                                                                                                     
				}                                                                                                                                                                                                                                                          
			},                                                                                                                                                                                                                                                          
			"annotation": {                                                                                                                                                                                                                                             
				"type": "ODataAnnotation",                                                                                                                                                                                                                                 
				"uri": "annotations/annotation.xml",                                                                                                                                                                                                                       
				"settings": {                                                                                                                                                                                                                                              
					"localUri": "annotations/annotation.xml"                                                                                                                                                                                                                  
				}                                                                                                                                                                                                                                                          
			}                                                                                                                                                                                                                                                           
		}                                                                                                                                                                                                                                                            
	},                                                                                                                                                                                                                                                            
	"sap.ui": {                                                                                                                                                                                                                                                   
		"technology": "UI5",                                                                                                                                                                                                                                         
		"icons": {                                                                                                                                                                                                                                                   
			"icon": "",                                                                                                                                                                                                                                                 
			"favIcon": "",                                                                                                                                                                                                                                              
			"phone": "",                                                                                                                                                                                                                                                
			"phone@2": "",                                                                                                                                                                                                                                              
			"tablet": "",                                                                                                                                                                                                                                               
			"tablet@2": ""                                                                                                                                                                                                                                              
		},                                                                                                                                                                                                                                                           
		"deviceTypes": {                                                                                                                                                                                                                                             
			"desktop": true,                                                                                                                                                                                                                                            
			"tablet": true,                                                                                                                                                                                                                                             
			"phone": true                                                                                                                                                                                                                                               
		}                                                                                                                                                                                                                                                            
	},                                                                                                                                                                                                                                                            
	"sap.ui5": {                                                                                                                                                                                                                                                  
		"flexEnabled": true,                                                                                                                                                                                                                                         
		"dependencies": {                                                                                                                                                                                                                                            
			"minUI5Version": "1.96.6",                                                                                                                                                                                                                                  
			"libs": {                                                                                                                                                                                                                                                   
				"sap.m": {},                                                                                                                                                                                                                                               
				"sap.ui.core": {},                                                                                                                                                                                                                                         
				"sap.ushell": {},                                                                                                                                                                                                                                          
				"sap.fe.templates": {}                                                                                                                                                                                                                                     
			}                                                                                                                                                                                                                                                           
		},                                                                                                                                                                                                                                                           
		"contentDensities": {                                                                                                                                                                                                                                        
			"compact": true,                                                                                                                                                                                                                                            
			"cozy": true                                                                                                                                                                                                                                                
		},                                                                                                                                                                                                                                                           
		"models": {                                                                                                                                                                                                                                                  
			"i18n": {                                                                                                                                                                                                                                                   
				"type": "sap.ui.model.resource.ResourceModel",                                                                                                                                                                                                             
				"settings": {                                                                                                                                                                                                                                              
					"bundleName": "projectsdemoapp.i18n.i18n"                                                                                                                                                                                                                 
				}                                                                                                                                                                                                                                                          
			},                                                                                                                                                                                                                                                          
			"": {                                                                                                                                                                                                                                                       
				"dataSource": "mainService",                                                                                                                                                                                                                               
				"preload": true,                                                                                                                                                                                                                                           
				"settings": {                                                                                                                                                                                                                                              
					"synchronizationMode": "None",                                                                                                                                                                                                                            
					"operationMode": "Server",                                                                                                                                                                                                                                
					"autoExpandSelect": true,                                                                                                                                                                                                                                 
					"earlyRequests": true                                                                                                                                                                                                                                     
				}                                                                                                                                                                                                                                                          
			},                                                                                                                                                                                                                                                          
			"@i18n": {                                                                                                                                                                                                                                                  
				"type": "sap.ui.model.resource.ResourceModel",                                                                                                                                                                                                             
				"uri": "i18n/i18n.properties"                                                                                                                                                                                                                              
			}                                                                                                                                                                                                                                                           
		},                                                                                                                                                                                                                                                           
		"resources": {                                                                                                                                                                                                                                               
			"css": []                                                                                                                                                                                                                                                   
		},                                                                                                                                                                                                                                                           
		"routing": {                                                                                                                                                                                                                                                 
			"routes": [                                                                                                                                                                                                                                                 
				{                                                                                                                                                                                                                                                          
					"pattern": ":?query:",                                                                                                                                                                                                                                    
					"name": "ProjectsList",                                                                                                                                                                                                                                   
					"target": "ProjectsList"                                                                                                                                                                                                                                  
				},                                                                                                                                                                                                                                                         
				{                                                                                                                                                                                                                                                          
					"pattern": "Projects({key}):?query:",                                                                                                                                                                                                                     
					"name": "ProjectsObjectPage",                                                                                                                                                                                                                             
					"target": "ProjectsObjectPage"                                                                                                                                                                                                                            
				},                                                                                                                                                                                                                                                         
				{                                                                                                                                                                                                                                                          
					"pattern": "Projects({key})/_Objects({key2}):?query:",                                                                                                                                                                                                    
					"name": "ObjectsObjectPage",                                                                                                                                                                                                                              
					"target": "ObjectsObjectPage"                                                                                                                                                                                                                             
				}                                                                                                                                                                                                                                                          
			],                                                                                                                                                                                                                                                          
			"targets": {                                                                                                                                                                                                                                                
				"ProjectsList": {                                                                                                                                                                                                                                          
					"type": "Component",                                                                                                                                                                                                                                      
					"id": "ProjectsList",                                                                                                                                                                                                                                     
					"name": "sap.fe.templates.ListReport",                                                                                                                                                                                                                    
					"options": {                                                                                                                                                                                                                                              
						"settings": {                                                                                                                                                                                                                                            
							"entitySet": "Projects",                                                                                                                                                                                                                                
							"variantManagement": "Page",                                                                                                                                                                                                                            
							"navigation": {                                                                                                                                                                                                                                         
								"Projects": {                                                                                                                                                                                                                                          
									"detail": {                                                                                                                                                                                                                                           
										"route": "ProjectsObjectPage"                                                                                                                                                                                                                        
									}                                                                                                                                                                                                                                                     
								}                                                                                                                                                                                                                                                      
							},                                                                                                                                                                                                                                                      
							"initialLoad": "Enabled"                                                                                                                                                                                                                                
						}                                                                                                                                                                                                                                                        
					}                                                                                                                                                                                                                                                         
				},                                                                                                                                                                                                                                                         
				"ProjectsObjectPage": {                                                                                                                                                                                                                                    
					"type": "Component",                                                                                                                                                                                                                                      
					"id": "ProjectsObjectPage",                                                                                                                                                                                                                               
					"name": "sap.fe.templates.ObjectPage",                                                                                                                                                                                                                    
					"options": {                                                                                                                                                                                                                                              
						"settings": {                                                                                                                                                                                                                                            
							"editableHeaderContent": false,                                                                                                                                                                                                                         
							"entitySet": "Projects",                                                                                                                                                                                                                                
							"navigation": {                                                                                                                                                                                                                                         
								"_Objects": {                                                                                                                                                                                                                                          
									"detail": {                                                                                                                                                                                                                                           
										"route": "ObjectsObjectPage"                                                                                                                                                                                                                         
									}                                                                                                                                                                                                                                                     
								}                                                                                                                                                                                                                                                      
							}                                                                                                                                                                                                                                                       
						}                                                                                                                                                                                                                                                        
					}                                                                                                                                                                                                                                                         
				},                                                                                                                                                                                                                                                         
				"ObjectsObjectPage": {                                                                                                                                                                                                                                     
					"type": "Component",                                                                                                                                                                                                                                      
					"id": "ObjectsObjectPage",                                                                                                                                                                                                                                
					"name": "sap.fe.templates.ObjectPage",                                                                                                                                                                                                                    
					"options": {                                                                                                                                                                                                                                              
						"settings": {                                                                                                                                                                                                                                            
							"editableHeaderContent": false,                                                                                                                                                                                                                         
							"entitySet": "Objects"                                                                                                                                                                                                                                  
						}                                                                                                                                                                                                                                                        
					}                                                                                                                                                                                                                                                         
				}                                                                                                                                                                                                                                                          
			}                                                                                                                                                                                                                                                           
		},                                                                                                                                                                                                                                                           
		"extends": {                                                                                                                                                                                                                                                 
			"extensions": {                                                                                                                                                                                                                                             
				"sap.ui.controllerExtensions": {                                                                                                                                                                                                                           
					"sap.fe.templates.ListReport.ListReportController": {                                                                                                                                                                                                     
						"controllerName": "projectsdemoapp.ext.controller.ListReport"                                                                                                                                                                                            
					}                                                                                                                                                                                                                                                         
				}                                                                                                                                                                                                                                                          
			}                                                                                                                                                                                                                                                           
		}                                                                                                                                                                                                                                                            
	},                                                                                                                                                                                                                                                            
	"sap.fiori": {                                                                                                                                                                                                                                                
		"registrationIds": [],                                                                                                                                                                                                                                       
		"archeType": "transactional"                                                                                                                                                                                                                                 
	}                                                                                                                                                                                                                                                             
}                                                                                                                                                                                                                                                              
                                                                                                                                                                                                                                                               