﻿<?xml version="1.0" encoding="utf-8"?>
<abapGit version="v1.0.0" serializer="LCL_OBJECT_WAPA" serializer_version="v1.0.0">
 <asx:abap xmlns:asx="http://www.sap.com/abapxml" version="1.0">
  <asx:values>
   <ATTRIBUTES>
    <APPLNAME>Z_DEMO_USR_ROLE</APPLNAME>
    <APPLCLAS>/UI5/CL_UI5_BSP_APPLICATION</APPLCLAS>
    <APPLEXT>Z_DEMO_USR_ROLE</APPLEXT>
    <SECURITY>X</SECURITY>
    <ORIGLANG>E</ORIGLANG>
    <MODIFLANG>E</MODIFLANG>
    <TEXT>Deployment of app for enrollment of user roles</TEXT>
   </ATTRIBUTES>
   <PAGES>
    <item>
     <ATTRIBUTES>
      <APPLNAME>Z_DEMO_USR_ROLE</APPLNAME>
      <PAGEKEY>.UI5REPOSITORYIGNORE</PAGEKEY>
      <PAGENAME>.Ui5RepositoryIgnore</PAGENAME>
      <PAGETYPE>X</PAGETYPE>
      <LAYOUTLANGU>E</LAYOUTLANGU>
      <VERSION>A</VERSION>
      <LANGU>E</LANGU>
     </ATTRIBUTES>
    </item>
    <item>
     <ATTRIBUTES>
      <APPLNAME>Z_DEMO_USR_ROLE</APPLNAME>
      <PAGEKEY>.UI5REPOSITORYTEXTFILES</PAGEKEY>
      <PAGENAME>.UI5RepositoryTextFiles</PAGENAME>
      <PAGETYPE>X</PAGETYPE>
      <LAYOUTLANGU>E</LAYOUTLANGU>
      <VERSION>A</VERSION>
      <LANGU>E</LANGU>
     </ATTRIBUTES>
    </item>
    <item>
     <ATTRIBUTES>
      <APPLNAME>Z_DEMO_USR_ROLE</APPLNAME>
      <PAGEKEY>ANNOTATIONS/ANNOTATION.XML</PAGEKEY>
      <PAGENAME>annotations/annotation.xml</PAGENAME>
      <PAGETYPE>X</PAGETYPE>
      <LAYOUTLANGU>E</LAYOUTLANGU>
      <VERSION>A</VERSION>
      <LANGU>E</LANGU>
     </ATTRIBUTES>
    </item>
    <item>
     <ATTRIBUTES>
      <APPLNAME>Z_DEMO_USR_ROLE</APPLNAME>
      <PAGEKEY>COMPONENT.JS</PAGEKEY>
      <PAGENAME>Component.js</PAGENAME>
      <PAGETYPE>X</PAGETYPE>
      <LAYOUTLANGU>E</LAYOUTLANGU>
      <VERSION>A</VERSION>
      <LANGU>E</LANGU>
     </ATTRIBUTES>
    </item>
    <item>
     <ATTRIBUTES>
      <APPLNAME>Z_DEMO_USR_ROLE</APPLNAME>
      <PAGEKEY>COMPONENT.JS.MAP</PAGEKEY>
      <PAGENAME>Component.js.map</PAGENAME>
      <PAGETYPE>X</PAGETYPE>
      <LAYOUTLANGU>E</LAYOUTLANGU>
      <VERSION>A</VERSION>
      <LANGU>E</LANGU>
     </ATTRIBUTES>
    </item>
    <item>
     <ATTRIBUTES>
      <APPLNAME>Z_DEMO_USR_ROLE</APPLNAME>
      <PAGEKEY>I18N/I18N.PROPERTIES</PAGEKEY>
      <PAGENAME>i18n/i18n.properties</PAGENAME>
      <PAGETYPE>X</PAGETYPE>
      <LAYOUTLANGU>E</LAYOUTLANGU>
      <VERSION>A</VERSION>
      <LANGU>E</LANGU>
     </ATTRIBUTES>
    </item>
    <item>
     <ATTRIBUTES>
      <APPLNAME>Z_DEMO_USR_ROLE</APPLNAME>
      <PAGEKEY>INDEX.HTML</PAGEKEY>
      <PAGENAME>index.html</PAGENAME>
      <MIMETYPE>text/html</MIMETYPE>
      <IS_START_PAGE>X</IS_START_PAGE>
      <LAYOUTLANGU>E</LAYOUTLANGU>
      <VERSION>A</VERSION>
      <LANGU>E</LANGU>
     </ATTRIBUTES>
    </item>
    <item>
     <ATTRIBUTES>
      <APPLNAME>Z_DEMO_USR_ROLE</APPLNAME>
      <PAGEKEY>LOCALSERVICE/METADATA.XML</PAGEKEY>
      <PAGENAME>localService/metadata.xml</PAGENAME>
      <PAGETYPE>X</PAGETYPE>
      <LAYOUTLANGU>E</LAYOUTLANGU>
      <VERSION>A</VERSION>
      <LANGU>E</LANGU>
     </ATTRIBUTES>
    </item>
    <item>
     <ATTRIBUTES>
      <APPLNAME>Z_DEMO_USR_ROLE</APPLNAME>
      <PAGEKEY>MANIFEST.JSON</PAGEKEY>
      <PAGENAME>manifest.json</PAGENAME>
      <PAGETYPE>X</PAGETYPE>
      <LAYOUTLANGU>E</LAYOUTLANGU>
      <VERSION>A</VERSION>
      <LANGU>E</LANGU>
     </ATTRIBUTES>
    </item>
    <item>
     <ATTRIBUTES>
      <APPLNAME>Z_DEMO_USR_ROLE</APPLNAME>
      <PAGEKEY>UI557CF5CD537FC7FD6ABD94DE90D5321044743BE20</PAGEKEY>
      <PAGENAME>UI557CF5CD537FC7FD6ABD94DE90D5321044743BE20</PAGENAME>
      <PAGETYPE>X</PAGETYPE>
      <LAYOUTLANGU>E</LAYOUTLANGU>
      <VERSION>A</VERSION>
      <LANGU>E</LANGU>
     </ATTRIBUTES>
    </item>
    <item>
     <ATTRIBUTES>
      <APPLNAME>Z_DEMO_USR_ROLE</APPLNAME>
      <PAGEKEY>UI5998D97B267DCF6C31BD1569E8D040163B49B6B1B</PAGEKEY>
      <PAGENAME>UI5998D97B267DCF6C31BD1569E8D040163B49B6B1B</PAGENAME>
      <PAGETYPE>X</PAGETYPE>
      <LAYOUTLANGU>E</LAYOUTLANGU>
      <VERSION>A</VERSION>
      <LANGU>E</LANGU>
     </ATTRIBUTES>
    </item>
    <item>
     <ATTRIBUTES>
      <APPLNAME>Z_DEMO_USR_ROLE</APPLNAME>
      <PAGEKEY>UI5B2B5D24238268DEF4FA05063EBE5142BBCACE17B</PAGEKEY>
      <PAGENAME>UI5B2B5D24238268DEF4FA05063EBE5142BBCACE17B</PAGENAME>
      <PAGETYPE>X</PAGETYPE>
      <LAYOUTLANGU>E</LAYOUTLANGU>
      <VERSION>A</VERSION>
      <LANGU>E</LANGU>
     </ATTRIBUTES>
    </item>
    <item>
     <ATTRIBUTES>
      <APPLNAME>Z_DEMO_USR_ROLE</APPLNAME>
      <PAGEKEY>UI5REPOSITORYPATHMAPPING.XML</PAGEKEY>
      <PAGENAME>UI5RepositoryPathMapping.xml</PAGENAME>
      <PAGETYPE>X</PAGETYPE>
      <LAYOUTLANGU>E</LAYOUTLANGU>
      <VERSION>A</VERSION>
      <LANGU>E</LANGU>
     </ATTRIBUTES>
    </item>
   </PAGES>
  </asx:values>
 </asx:abap>
</abapGit>
