﻿<?xml version="1.0" encoding="utf-8"?>
<abapGit version="v1.0.0" serializer="LCL_OBJECT_WAPA" serializer_version="v1.0.0">
 <asx:abap xmlns:asx="http://www.sap.com/abapxml" version="1.0">
  <asx:values>
   <ATTRIBUTES>
    <APPLNAME>Z_DEMO_PROJ_HOW</APPLNAME>
    <APPLCLAS>/UI5/CL_UI5_BSP_APPLICATION</APPLCLAS>
    <APPLEXT>Z_DEMO_PROJ_HOW</APPLEXT>
    <SECURITY>X</SECURITY>
    <ORIGLANG>E</ORIGLANG>
    <MODIFLANG>E</MODIFLANG>
    <TEXT>Deploy to D4S100 as S4 Dev system</TEXT>
   </ATTRIBUTES>
   <PAGES>
    <item>
     <ATTRIBUTES>
      <APPLNAME>Z_DEMO_PROJ_HOW</APPLNAME>
      <PAGEKEY>.UI5REPOSITORYIGNORE</PAGEKEY>
      <PAGENAME>.Ui5RepositoryIgnore</PAGENAME>
      <PAGETYPE>X</PAGETYPE>
      <LAYOUTLANGU>E</LAYOUTLANGU>
      <VERSION>A</VERSION>
      <LANGU>E</LANGU>
     </ATTRIBUTES>
    </item>
    <item>
     <ATTRIBUTES>
      <APPLNAME>Z_DEMO_PROJ_HOW</APPLNAME>
      <PAGEKEY>.UI5REPOSITORYTEXTFILES</PAGEKEY>
      <PAGENAME>.UI5RepositoryTextFiles</PAGENAME>
      <PAGETYPE>X</PAGETYPE>
      <LAYOUTLANGU>E</LAYOUTLANGU>
      <VERSION>A</VERSION>
      <LANGU>E</LANGU>
     </ATTRIBUTES>
    </item>
    <item>
     <ATTRIBUTES>
      <APPLNAME>Z_DEMO_PROJ_HOW</APPLNAME>
      <PAGEKEY>ANNOTATIONS/ANNOTATION.XML</PAGEKEY>
      <PAGENAME>annotations/annotation.xml</PAGENAME>
      <PAGETYPE>X</PAGETYPE>
      <LAYOUTLANGU>E</LAYOUTLANGU>
      <VERSION>A</VERSION>
      <LANGU>E</LANGU>
     </ATTRIBUTES>
    </item>
    <item>
     <ATTRIBUTES>
      <APPLNAME>Z_DEMO_PROJ_HOW</APPLNAME>
      <PAGEKEY>COMPONENT.JS</PAGEKEY>
      <PAGENAME>Component.js</PAGENAME>
      <PAGETYPE>X</PAGETYPE>
      <LAYOUTLANGU>E</LAYOUTLANGU>
      <VERSION>A</VERSION>
      <LANGU>E</LANGU>
     </ATTRIBUTES>
    </item>
    <item>
     <ATTRIBUTES>
      <APPLNAME>Z_DEMO_PROJ_HOW</APPLNAME>
      <PAGEKEY>COMPONENT.JS.MAP</PAGEKEY>
      <PAGENAME>Component.js.map</PAGENAME>
      <PAGETYPE>X</PAGETYPE>
      <LAYOUTLANGU>E</LAYOUTLANGU>
      <VERSION>A</VERSION>
      <LANGU>E</LANGU>
     </ATTRIBUTES>
    </item>
    <item>
     <ATTRIBUTES>
      <APPLNAME>Z_DEMO_PROJ_HOW</APPLNAME>
      <PAGEKEY>EXT/CONTROLLER/LISTREPORT.CONTROLLER.JS</PAGEKEY>
      <PAGENAME>ext/controller/ListReport.controller.js</PAGENAME>
      <PAGETYPE>X</PAGETYPE>
      <LAYOUTLANGU>E</LAYOUTLANGU>
      <VERSION>A</VERSION>
      <LANGU>E</LANGU>
     </ATTRIBUTES>
    </item>
    <item>
     <ATTRIBUTES>
      <APPLNAME>Z_DEMO_PROJ_HOW</APPLNAME>
      <PAGEKEY>EXT/CONTROLLER/LISTREPORT.CONTROLLER.JS.MAP</PAGEKEY>
      <PAGENAME>ext/controller/ListReport.controller.js.map</PAGENAME>
      <PAGETYPE>X</PAGETYPE>
      <LAYOUTLANGU>E</LAYOUTLANGU>
      <VERSION>A</VERSION>
      <LANGU>E</LANGU>
     </ATTRIBUTES>
    </item>
    <item>
     <ATTRIBUTES>
      <APPLNAME>Z_DEMO_PROJ_HOW</APPLNAME>
      <PAGEKEY>I18N/I18N.PROPERTIES</PAGEKEY>
      <PAGENAME>i18n/i18n.properties</PAGENAME>
      <PAGETYPE>X</PAGETYPE>
      <LAYOUTLANGU>E</LAYOUTLANGU>
      <VERSION>A</VERSION>
      <LANGU>E</LANGU>
     </ATTRIBUTES>
    </item>
    <item>
     <ATTRIBUTES>
      <APPLNAME>Z_DEMO_PROJ_HOW</APPLNAME>
      <PAGEKEY>INDEX.HTML</PAGEKEY>
      <PAGENAME>index.html</PAGENAME>
      <MIMETYPE>text/html</MIMETYPE>
      <IS_START_PAGE>X</IS_START_PAGE>
      <LAYOUTLANGU>E</LAYOUTLANGU>
      <VERSION>A</VERSION>
      <LANGU>E</LANGU>
     </ATTRIBUTES>
    </item>
    <item>
     <ATTRIBUTES>
      <APPLNAME>Z_DEMO_PROJ_HOW</APPLNAME>
      <PAGEKEY>LOCALSERVICE/METADATA.XML</PAGEKEY>
      <PAGENAME>localService/metadata.xml</PAGENAME>
      <PAGETYPE>X</PAGETYPE>
      <LAYOUTLANGU>E</LAYOUTLANGU>
      <VERSION>A</VERSION>
      <LANGU>E</LANGU>
     </ATTRIBUTES>
    </item>
    <item>
     <ATTRIBUTES>
      <APPLNAME>Z_DEMO_PROJ_HOW</APPLNAME>
      <PAGEKEY>MANIFEST.JSON</PAGEKEY>
      <PAGENAME>manifest.json</PAGENAME>
      <PAGETYPE>X</PAGETYPE>
      <LAYOUTLANGU>E</LAYOUTLANGU>
      <VERSION>A</VERSION>
      <LANGU>E</LANGU>
     </ATTRIBUTES>
    </item>
    <item>
     <ATTRIBUTES>
      <APPLNAME>Z_DEMO_PROJ_HOW</APPLNAME>
      <PAGEKEY>TEST/FLPSANDBOX.HTML</PAGEKEY>
      <PAGENAME>test/flpSandbox.html</PAGENAME>
      <PAGETYPE>X</PAGETYPE>
      <LAYOUTLANGU>E</LAYOUTLANGU>
      <VERSION>A</VERSION>
      <LANGU>E</LANGU>
     </ATTRIBUTES>
    </item>
    <item>
     <ATTRIBUTES>
      <APPLNAME>Z_DEMO_PROJ_HOW</APPLNAME>
      <PAGEKEY>TEST/INTEGRATION/FIRSTJOURNEY.JS</PAGEKEY>
      <PAGENAME>test/integration/FirstJourney.js</PAGENAME>
      <PAGETYPE>X</PAGETYPE>
      <LAYOUTLANGU>E</LAYOUTLANGU>
      <VERSION>A</VERSION>
      <LANGU>E</LANGU>
     </ATTRIBUTES>
    </item>
    <item>
     <ATTRIBUTES>
      <APPLNAME>Z_DEMO_PROJ_HOW</APPLNAME>
      <PAGEKEY>TEST/INTEGRATION/FIRSTJOURNEY.JS.MAP</PAGEKEY>
      <PAGENAME>test/integration/FirstJourney.js.map</PAGENAME>
      <PAGETYPE>X</PAGETYPE>
      <LAYOUTLANGU>E</LAYOUTLANGU>
      <VERSION>A</VERSION>
      <LANGU>E</LANGU>
     </ATTRIBUTES>
    </item>
    <item>
     <ATTRIBUTES>
      <APPLNAME>Z_DEMO_PROJ_HOW</APPLNAME>
      <PAGEKEY>TEST/INTEGRATION/OPATESTS.QUNIT.HTML</PAGEKEY>
      <PAGENAME>test/integration/opaTests.qunit.html</PAGENAME>
      <PAGETYPE>X</PAGETYPE>
      <LAYOUTLANGU>E</LAYOUTLANGU>
      <VERSION>A</VERSION>
      <LANGU>E</LANGU>
     </ATTRIBUTES>
    </item>
    <item>
     <ATTRIBUTES>
      <APPLNAME>Z_DEMO_PROJ_HOW</APPLNAME>
      <PAGEKEY>TEST/INTEGRATION/OPATESTS.QUNIT.JS</PAGEKEY>
      <PAGENAME>test/integration/opaTests.qunit.js</PAGENAME>
      <PAGETYPE>X</PAGETYPE>
      <LAYOUTLANGU>E</LAYOUTLANGU>
      <VERSION>A</VERSION>
      <LANGU>E</LANGU>
     </ATTRIBUTES>
    </item>
    <item>
     <ATTRIBUTES>
      <APPLNAME>Z_DEMO_PROJ_HOW</APPLNAME>
      <PAGEKEY>TEST/INTEGRATION/OPATESTS.QUNIT.JS.MAP</PAGEKEY>
      <PAGENAME>test/integration/opaTests.qunit.js.map</PAGENAME>
      <PAGETYPE>X</PAGETYPE>
      <LAYOUTLANGU>E</LAYOUTLANGU>
      <VERSION>A</VERSION>
      <LANGU>E</LANGU>
     </ATTRIBUTES>
    </item>
    <item>
     <ATTRIBUTES>
      <APPLNAME>Z_DEMO_PROJ_HOW</APPLNAME>
      <PAGEKEY>TEST/INTEGRATION/PAGES/OBJECTSOBJECTPAGE.JS</PAGEKEY>
      <PAGENAME>test/integration/pages/ObjectsObjectPage.js</PAGENAME>
      <PAGETYPE>X</PAGETYPE>
      <LAYOUTLANGU>E</LAYOUTLANGU>
      <VERSION>A</VERSION>
      <LANGU>E</LANGU>
     </ATTRIBUTES>
    </item>
    <item>
     <ATTRIBUTES>
      <APPLNAME>Z_DEMO_PROJ_HOW</APPLNAME>
      <PAGEKEY>TEST/INTEGRATION/PAGES/OBJECTSOBJECTPAGE.JS.MAP</PAGEKEY>
      <PAGENAME>test/integration/pages/ObjectsObjectPage.js.map</PAGENAME>
      <PAGETYPE>X</PAGETYPE>
      <LAYOUTLANGU>E</LAYOUTLANGU>
      <VERSION>A</VERSION>
      <LANGU>E</LANGU>
     </ATTRIBUTES>
    </item>
    <item>
     <ATTRIBUTES>
      <APPLNAME>Z_DEMO_PROJ_HOW</APPLNAME>
      <PAGEKEY>TEST/INTEGRATION/PAGES/PROJECTSLIST.JS</PAGEKEY>
      <PAGENAME>test/integration/pages/ProjectsList.js</PAGENAME>
      <PAGETYPE>X</PAGETYPE>
      <LAYOUTLANGU>E</LAYOUTLANGU>
      <VERSION>A</VERSION>
      <LANGU>E</LANGU>
     </ATTRIBUTES>
    </item>
    <item>
     <ATTRIBUTES>
      <APPLNAME>Z_DEMO_PROJ_HOW</APPLNAME>
      <PAGEKEY>TEST/INTEGRATION/PAGES/PROJECTSLIST.JS.MAP</PAGEKEY>
      <PAGENAME>test/integration/pages/ProjectsList.js.map</PAGENAME>
      <PAGETYPE>X</PAGETYPE>
      <LAYOUTLANGU>E</LAYOUTLANGU>
      <VERSION>A</VERSION>
      <LANGU>E</LANGU>
     </ATTRIBUTES>
    </item>
    <item>
     <ATTRIBUTES>
      <APPLNAME>Z_DEMO_PROJ_HOW</APPLNAME>
      <PAGEKEY>TEST/INTEGRATION/PAGES/PROJECTSOBJECTPAGE.JS</PAGEKEY>
      <PAGENAME>test/integration/pages/ProjectsObjectPage.js</PAGENAME>
      <PAGETYPE>X</PAGETYPE>
      <LAYOUTLANGU>E</LAYOUTLANGU>
      <VERSION>A</VERSION>
      <LANGU>E</LANGU>
     </ATTRIBUTES>
    </item>
    <item>
     <ATTRIBUTES>
      <APPLNAME>Z_DEMO_PROJ_HOW</APPLNAME>
      <PAGEKEY>TEST/INTEGRATION/PAGES/PROJECTSOBJECTPAGE.JS.MAP</PAGEKEY>
      <PAGENAME>test/integration/pages/ProjectsObjectPage.js.map</PAGENAME>
      <PAGETYPE>X</PAGETYPE>
      <LAYOUTLANGU>E</LAYOUTLANGU>
      <VERSION>A</VERSION>
      <LANGU>E</LANGU>
     </ATTRIBUTES>
    </item>
    <item>
     <ATTRIBUTES>
      <APPLNAME>Z_DEMO_PROJ_HOW</APPLNAME>
      <PAGEKEY>TEST/TESTSUITE.QUNIT.HTML</PAGEKEY>
      <PAGENAME>test/testsuite.qunit.html</PAGENAME>
      <PAGETYPE>X</PAGETYPE>
      <LAYOUTLANGU>E</LAYOUTLANGU>
      <VERSION>A</VERSION>
      <LANGU>E</LANGU>
     </ATTRIBUTES>
    </item>
    <item>
     <ATTRIBUTES>
      <APPLNAME>Z_DEMO_PROJ_HOW</APPLNAME>
      <PAGEKEY>TEST/TESTSUITE.QUNIT.JS</PAGEKEY>
      <PAGENAME>test/testsuite.qunit.js</PAGENAME>
      <PAGETYPE>X</PAGETYPE>
      <LAYOUTLANGU>E</LAYOUTLANGU>
      <VERSION>A</VERSION>
      <LANGU>E</LANGU>
     </ATTRIBUTES>
    </item>
    <item>
     <ATTRIBUTES>
      <APPLNAME>Z_DEMO_PROJ_HOW</APPLNAME>
      <PAGEKEY>TEST/TESTSUITE.QUNIT.JS.MAP</PAGEKEY>
      <PAGENAME>test/testsuite.qunit.js.map</PAGENAME>
      <PAGETYPE>X</PAGETYPE>
      <LAYOUTLANGU>E</LAYOUTLANGU>
      <VERSION>A</VERSION>
      <LANGU>E</LANGU>
     </ATTRIBUTES>
    </item>
    <item>
     <ATTRIBUTES>
      <APPLNAME>Z_DEMO_PROJ_HOW</APPLNAME>
      <PAGEKEY>UI508F82450CDF3F862DC74B7320B28EDD6109B8B94</PAGEKEY>
      <PAGENAME>UI508F82450CDF3F862DC74B7320B28EDD6109B8B94</PAGENAME>
      <PAGETYPE>X</PAGETYPE>
      <LAYOUTLANGU>E</LAYOUTLANGU>
      <VERSION>A</VERSION>
      <LANGU>E</LANGU>
     </ATTRIBUTES>
    </item>
    <item>
     <ATTRIBUTES>
      <APPLNAME>Z_DEMO_PROJ_HOW</APPLNAME>
      <PAGEKEY>UI5101231E7827437F45ADCDFE74BDD202E0EDCFAE8</PAGEKEY>
      <PAGENAME>UI5101231E7827437F45ADCDFE74BDD202E0EDCFAE8</PAGENAME>
      <PAGETYPE>X</PAGETYPE>
      <LAYOUTLANGU>E</LAYOUTLANGU>
      <VERSION>A</VERSION>
      <LANGU>E</LANGU>
     </ATTRIBUTES>
    </item>
    <item>
     <ATTRIBUTES>
      <APPLNAME>Z_DEMO_PROJ_HOW</APPLNAME>
      <PAGEKEY>UI53A8B4BF337CE146AACBE857C0D6F52E51662B5CD</PAGEKEY>
      <PAGENAME>UI53A8B4BF337CE146AACBE857C0D6F52E51662B5CD</PAGENAME>
      <PAGETYPE>X</PAGETYPE>
      <LAYOUTLANGU>E</LAYOUTLANGU>
      <VERSION>A</VERSION>
      <LANGU>E</LANGU>
     </ATTRIBUTES>
    </item>
    <item>
     <ATTRIBUTES>
      <APPLNAME>Z_DEMO_PROJ_HOW</APPLNAME>
      <PAGEKEY>UI53B2F779F7E2FC172E77C84D919E16FB3DD0EAFF0</PAGEKEY>
      <PAGENAME>UI53B2F779F7E2FC172E77C84D919E16FB3DD0EAFF0</PAGENAME>
      <PAGETYPE>X</PAGETYPE>
      <LAYOUTLANGU>E</LAYOUTLANGU>
      <VERSION>A</VERSION>
      <LANGU>E</LANGU>
     </ATTRIBUTES>
    </item>
    <item>
     <ATTRIBUTES>
      <APPLNAME>Z_DEMO_PROJ_HOW</APPLNAME>
      <PAGEKEY>UI556BC4A63F9BB8A077ADC9EDF2158A3EDA5B15CEF</PAGEKEY>
      <PAGENAME>UI556BC4A63F9BB8A077ADC9EDF2158A3EDA5B15CEF</PAGENAME>
      <PAGETYPE>X</PAGETYPE>
      <LAYOUTLANGU>E</LAYOUTLANGU>
      <VERSION>A</VERSION>
      <LANGU>E</LANGU>
     </ATTRIBUTES>
    </item>
    <item>
     <ATTRIBUTES>
      <APPLNAME>Z_DEMO_PROJ_HOW</APPLNAME>
      <PAGEKEY>UI557CF5CD537FC7FD6ABD94DE90D5321044743BE20</PAGEKEY>
      <PAGENAME>UI557CF5CD537FC7FD6ABD94DE90D5321044743BE20</PAGENAME>
      <PAGETYPE>X</PAGETYPE>
      <LAYOUTLANGU>E</LAYOUTLANGU>
      <VERSION>A</VERSION>
      <LANGU>E</LANGU>
     </ATTRIBUTES>
    </item>
    <item>
     <ATTRIBUTES>
      <APPLNAME>Z_DEMO_PROJ_HOW</APPLNAME>
      <PAGEKEY>UI56699EDA62D430AA8B84EC6C6559DE4764995BBD6</PAGEKEY>
      <PAGENAME>UI56699EDA62D430AA8B84EC6C6559DE4764995BBD6</PAGENAME>
      <PAGETYPE>X</PAGETYPE>
      <LAYOUTLANGU>E</LAYOUTLANGU>
      <VERSION>A</VERSION>
      <LANGU>E</LANGU>
     </ATTRIBUTES>
    </item>
    <item>
     <ATTRIBUTES>
      <APPLNAME>Z_DEMO_PROJ_HOW</APPLNAME>
      <PAGEKEY>UI56DF211C1A129239F14A2C10EA481F361D87C2951</PAGEKEY>
      <PAGENAME>UI56DF211C1A129239F14A2C10EA481F361D87C2951</PAGENAME>
      <PAGETYPE>X</PAGETYPE>
      <LAYOUTLANGU>E</LAYOUTLANGU>
      <VERSION>A</VERSION>
      <LANGU>E</LANGU>
     </ATTRIBUTES>
    </item>
    <item>
     <ATTRIBUTES>
      <APPLNAME>Z_DEMO_PROJ_HOW</APPLNAME>
      <PAGEKEY>UI57DAB355B764BF322B849B0C97C0F42507676C7E1</PAGEKEY>
      <PAGENAME>UI57DAB355B764BF322B849B0C97C0F42507676C7E1</PAGENAME>
      <PAGETYPE>X</PAGETYPE>
      <LAYOUTLANGU>E</LAYOUTLANGU>
      <VERSION>A</VERSION>
      <LANGU>E</LANGU>
     </ATTRIBUTES>
    </item>
    <item>
     <ATTRIBUTES>
      <APPLNAME>Z_DEMO_PROJ_HOW</APPLNAME>
      <PAGEKEY>UI5998D97B267DCF6C31BD1569E8D040163B49B6B1B</PAGEKEY>
      <PAGENAME>UI5998D97B267DCF6C31BD1569E8D040163B49B6B1B</PAGENAME>
      <PAGETYPE>X</PAGETYPE>
      <LAYOUTLANGU>E</LAYOUTLANGU>
      <VERSION>A</VERSION>
      <LANGU>E</LANGU>
     </ATTRIBUTES>
    </item>
    <item>
     <ATTRIBUTES>
      <APPLNAME>Z_DEMO_PROJ_HOW</APPLNAME>
      <PAGEKEY>UI5B2B5D24238268DEF4FA05063EBE5142BBCACE17B</PAGEKEY>
      <PAGENAME>UI5B2B5D24238268DEF4FA05063EBE5142BBCACE17B</PAGENAME>
      <PAGETYPE>X</PAGETYPE>
      <LAYOUTLANGU>E</LAYOUTLANGU>
      <VERSION>A</VERSION>
      <LANGU>E</LANGU>
     </ATTRIBUTES>
    </item>
    <item>
     <ATTRIBUTES>
      <APPLNAME>Z_DEMO_PROJ_HOW</APPLNAME>
      <PAGEKEY>UI5D02AA494A6BD962C5A152857F847B45FB681522B</PAGEKEY>
      <PAGENAME>UI5D02AA494A6BD962C5A152857F847B45FB681522B</PAGENAME>
      <PAGETYPE>X</PAGETYPE>
      <LAYOUTLANGU>E</LAYOUTLANGU>
      <VERSION>A</VERSION>
      <LANGU>E</LANGU>
     </ATTRIBUTES>
    </item>
    <item>
     <ATTRIBUTES>
      <APPLNAME>Z_DEMO_PROJ_HOW</APPLNAME>
      <PAGEKEY>UI5D5105A4B94ADB522EFA67FB3C63C4DAD701BF435</PAGEKEY>
      <PAGENAME>UI5D5105A4B94ADB522EFA67FB3C63C4DAD701BF435</PAGENAME>
      <PAGETYPE>X</PAGETYPE>
      <LAYOUTLANGU>E</LAYOUTLANGU>
      <VERSION>A</VERSION>
      <LANGU>E</LANGU>
     </ATTRIBUTES>
    </item>
    <item>
     <ATTRIBUTES>
      <APPLNAME>Z_DEMO_PROJ_HOW</APPLNAME>
      <PAGEKEY>UI5REPOSITORYPATHMAPPING.XML</PAGEKEY>
      <PAGENAME>UI5RepositoryPathMapping.xml</PAGENAME>
      <PAGETYPE>X</PAGETYPE>
      <LAYOUTLANGU>E</LAYOUTLANGU>
      <VERSION>A</VERSION>
      <LANGU>E</LANGU>
     </ATTRIBUTES>
    </item>
   </PAGES>
  </asx:values>
 </asx:abap>
</abapGit>
