﻿<?xml version="1.0" encoding="utf-8"?>
<abapGit version="v1.0.0" serializer="LCL_OBJECT_SICF" serializer_version="v1.0.0">
 <asx:abap xmlns:asx="http://www.sap.com/abapxml" version="1.0">
  <asx:values>
   <URL>/sap/bc/bsp/sap/z_demo_howard/</URL>
   <ICFSERVICE>
    <ICF_NAME>Z_DEMO_HOWARD</ICF_NAME>
    <ORIG_NAME>z_demo_howard</ORIG_NAME>
   </ICFSERVICE>
   <ICFDOCU>
    <ICF_NAME>Z_DEMO_HOWARD</ICF_NAME>
    <ICF_LANGU>E</ICF_LANGU>
    <ICF_DOCU>Test Deployment</ICF_DOCU>
   </ICFDOCU>
  </asx:values>
 </asx:abap>
</abapGit>
