﻿<?xml version="1.0" encoding="utf-8"?>
<abapGit version="v1.0.0" serializer="LCL_OBJECT_SICF" serializer_version="v1.0.0">
 <asx:abap xmlns:asx="http://www.sap.com/abapxml" version="1.0">
  <asx:values>
   <URL>/sap/bc/ui5_ui5/sap/z_demo_usr_role/</URL>
   <ICFSERVICE>
    <ICF_NAME>Z_DEMO_USR_ROLE</ICF_NAME>
    <ORIG_NAME>z_demo_usr_role</ORIG_NAME>
   </ICFSERVICE>
   <ICFDOCU>
    <ICF_NAME>Z_DEMO_USR_ROLE</ICF_NAME>
    <ICF_LANGU>E</ICF_LANGU>
    <ICF_DOCU>Deployment of app for enrollment of user roles</ICF_DOCU>
   </ICFDOCU>
  </asx:values>
 </asx:abap>
</abapGit>
