﻿<?xml version="1.0" encoding="utf-8"?>
<abapGit version="v1.0.0" serializer="LCL_OBJECT_WAPA" serializer_version="v1.0.0">
 <asx:abap xmlns:asx="http://www.sap.com/abapxml" version="1.0">
  <asx:values>
   <ATTRIBUTES>
    <APPLNAME>Z_PROJ_HOW_V2</APPLNAME>
    <APPLCLAS>/UI5/CL_UI5_BSP_APPLICATION</APPLCLAS>
    <APPLEXT>Z_PROJ_HOW_V2</APPLEXT>
    <SECURITY>X</SECURITY>
    <ORIGLANG>E</ORIGLANG>
    <MODIFLANG>E</MODIFLANG>
    <TEXT>Deploy to D4S100 as S4 Dev system</TEXT>
   </ATTRIBUTES>
   <PAGES>
    <item>
     <ATTRIBUTES>
      <APPLNAME>Z_PROJ_HOW_V2</APPLNAME>
      <PAGEKEY>.UI5REPOSITORYIGNORE</PAGEKEY>
      <PAGENAME>.Ui5RepositoryIgnore</PAGENAME>
      <PAGETYPE>X</PAGETYPE>
      <LAYOUTLANGU>E</LAYOUTLANGU>
      <VERSION>A</VERSION>
      <LANGU>E</LANGU>
     </ATTRIBUTES>
    </item>
    <item>
     <ATTRIBUTES>
      <APPLNAME>Z_PROJ_HOW_V2</APPLNAME>
      <PAGEKEY>.UI5REPOSITORYTEXTFILES</PAGEKEY>
      <PAGENAME>.UI5RepositoryTextFiles</PAGENAME>
      <PAGETYPE>X</PAGETYPE>
      <LAYOUTLANGU>E</LAYOUTLANGU>
      <VERSION>A</VERSION>
      <LANGU>E</LANGU>
     </ATTRIBUTES>
    </item>
    <item>
     <ATTRIBUTES>
      <APPLNAME>Z_PROJ_HOW_V2</APPLNAME>
      <PAGEKEY>ANNOTATIONS/ANNOTATION.XML</PAGEKEY>
      <PAGENAME>annotations/annotation.xml</PAGENAME>
      <PAGETYPE>X</PAGETYPE>
      <LAYOUTLANGU>E</LAYOUTLANGU>
      <VERSION>A</VERSION>
      <LANGU>E</LANGU>
     </ATTRIBUTES>
    </item>
    <item>
     <ATTRIBUTES>
      <APPLNAME>Z_PROJ_HOW_V2</APPLNAME>
      <PAGEKEY>COMPONENT.JS</PAGEKEY>
      <PAGENAME>Component.js</PAGENAME>
      <PAGETYPE>X</PAGETYPE>
      <LAYOUTLANGU>E</LAYOUTLANGU>
      <VERSION>A</VERSION>
      <LANGU>E</LANGU>
     </ATTRIBUTES>
    </item>
    <item>
     <ATTRIBUTES>
      <APPLNAME>Z_PROJ_HOW_V2</APPLNAME>
      <PAGEKEY>COMPONENT.JS.MAP</PAGEKEY>
      <PAGENAME>Component.js.map</PAGENAME>
      <PAGETYPE>X</PAGETYPE>
      <LAYOUTLANGU>E</LAYOUTLANGU>
      <VERSION>A</VERSION>
      <LANGU>E</LANGU>
     </ATTRIBUTES>
    </item>
    <item>
     <ATTRIBUTES>
      <APPLNAME>Z_PROJ_HOW_V2</APPLNAME>
      <PAGEKEY>EXT/CONTROLLER/EXCELUPLOADHANDLER.JS</PAGEKEY>
      <PAGENAME>ext/controller/ExcelUploadHandler.js</PAGENAME>
      <PAGETYPE>X</PAGETYPE>
      <LAYOUTLANGU>E</LAYOUTLANGU>
      <VERSION>A</VERSION>
      <LANGU>E</LANGU>
     </ATTRIBUTES>
    </item>
    <item>
     <ATTRIBUTES>
      <APPLNAME>Z_PROJ_HOW_V2</APPLNAME>
      <PAGEKEY>EXT/CONTROLLER/EXCELUPLOADHANDLER.JS.MAP</PAGEKEY>
      <PAGENAME>ext/controller/ExcelUploadHandler.js.map</PAGENAME>
      <PAGETYPE>X</PAGETYPE>
      <LAYOUTLANGU>E</LAYOUTLANGU>
      <VERSION>A</VERSION>
      <LANGU>E</LANGU>
     </ATTRIBUTES>
    </item>
    <item>
     <ATTRIBUTES>
      <APPLNAME>Z_PROJ_HOW_V2</APPLNAME>
      <PAGEKEY>EXT/FORMATTER/PLANNINGCALENDARFORMATTER.JS</PAGEKEY>
      <PAGENAME>ext/formatter/PlanningCalendarFormatter.js</PAGENAME>
      <PAGETYPE>X</PAGETYPE>
      <LAYOUTLANGU>E</LAYOUTLANGU>
      <VERSION>A</VERSION>
      <LANGU>E</LANGU>
     </ATTRIBUTES>
    </item>
    <item>
     <ATTRIBUTES>
      <APPLNAME>Z_PROJ_HOW_V2</APPLNAME>
      <PAGEKEY>EXT/FORMATTER/PLANNINGCALENDARFORMATTER.JS.MAP</PAGEKEY>
      <PAGENAME>ext/formatter/PlanningCalendarFormatter.js.map</PAGENAME>
      <PAGETYPE>X</PAGETYPE>
      <LAYOUTLANGU>E</LAYOUTLANGU>
      <VERSION>A</VERSION>
      <LANGU>E</LANGU>
     </ATTRIBUTES>
    </item>
    <item>
     <ATTRIBUTES>
      <APPLNAME>Z_PROJ_HOW_V2</APPLNAME>
      <PAGEKEY>EXT/FRAGMENT/FEEDCONTENT.FRAGMENT.XML</PAGEKEY>
      <PAGENAME>ext/fragment/FeedContent.fragment.xml</PAGENAME>
      <PAGETYPE>X</PAGETYPE>
      <LAYOUTLANGU>E</LAYOUTLANGU>
      <VERSION>A</VERSION>
      <LANGU>E</LANGU>
     </ATTRIBUTES>
    </item>
    <item>
     <ATTRIBUTES>
      <APPLNAME>Z_PROJ_HOW_V2</APPLNAME>
      <PAGEKEY>EXT/FRAGMENT/FEEDCONTENT.JS</PAGEKEY>
      <PAGENAME>ext/fragment/FeedContent.js</PAGENAME>
      <PAGETYPE>X</PAGETYPE>
      <LAYOUTLANGU>E</LAYOUTLANGU>
      <VERSION>A</VERSION>
      <LANGU>E</LANGU>
     </ATTRIBUTES>
    </item>
    <item>
     <ATTRIBUTES>
      <APPLNAME>Z_PROJ_HOW_V2</APPLNAME>
      <PAGEKEY>EXT/FRAGMENT/FEEDCONTENT.JS.MAP</PAGEKEY>
      <PAGENAME>ext/fragment/FeedContent.js.map</PAGENAME>
      <PAGETYPE>X</PAGETYPE>
      <LAYOUTLANGU>E</LAYOUTLANGU>
      <VERSION>A</VERSION>
      <LANGU>E</LANGU>
     </ATTRIBUTES>
    </item>
    <item>
     <ATTRIBUTES>
      <APPLNAME>Z_PROJ_HOW_V2</APPLNAME>
      <PAGEKEY>EXT/FRAGMENT/PLANNINGCALENDAR/HANDLER/CALENDARDETAILSHANDLER.JS</PAGEKEY>
      <PAGENAME>ext/fragment/PlanningCalendar/handler/CalendarDetailsHandler.js</PAGENAME>
      <PAGETYPE>X</PAGETYPE>
      <LAYOUTLANGU>E</LAYOUTLANGU>
      <VERSION>A</VERSION>
      <LANGU>E</LANGU>
     </ATTRIBUTES>
    </item>
    <item>
     <ATTRIBUTES>
      <APPLNAME>Z_PROJ_HOW_V2</APPLNAME>
      <PAGEKEY>EXT/FRAGMENT/PLANNINGCALENDAR/HANDLER/CALENDARDETAILSHANDLER.JS.MAP</PAGEKEY>
      <PAGENAME>ext/fragment/PlanningCalendar/handler/CalendarDetailsHandler.js.map</PAGENAME>
      <PAGETYPE>X</PAGETYPE>
      <LAYOUTLANGU>E</LAYOUTLANGU>
      <VERSION>A</VERSION>
      <LANGU>E</LANGU>
     </ATTRIBUTES>
    </item>
    <item>
     <ATTRIBUTES>
      <APPLNAME>Z_PROJ_HOW_V2</APPLNAME>
      <PAGEKEY>EXT/FRAGMENT/PLANNINGCALENDAR/HANDLER/CALENDARMODIFYHANDLER.JS</PAGEKEY>
      <PAGENAME>ext/fragment/PlanningCalendar/handler/CalendarModifyHandler.js</PAGENAME>
      <PAGETYPE>X</PAGETYPE>
      <LAYOUTLANGU>E</LAYOUTLANGU>
      <VERSION>A</VERSION>
      <LANGU>E</LANGU>
     </ATTRIBUTES>
    </item>
    <item>
     <ATTRIBUTES>
      <APPLNAME>Z_PROJ_HOW_V2</APPLNAME>
      <PAGEKEY>EXT/FRAGMENT/PLANNINGCALENDAR/HANDLER/CALENDARMODIFYHANDLER.JS.MAP</PAGEKEY>
      <PAGENAME>ext/fragment/PlanningCalendar/handler/CalendarModifyHandler.js.map</PAGENAME>
      <PAGETYPE>X</PAGETYPE>
      <LAYOUTLANGU>E</LAYOUTLANGU>
      <VERSION>A</VERSION>
      <LANGU>E</LANGU>
     </ATTRIBUTES>
    </item>
    <item>
     <ATTRIBUTES>
      <APPLNAME>Z_PROJ_HOW_V2</APPLNAME>
      <PAGEKEY>EXT/FRAGMENT/PLANNINGCALENDAR/HANDLER/PLANNINGCALENDARHANDLER.JS</PAGEKEY>
      <PAGENAME>ext/fragment/PlanningCalendar/handler/PlanningCalendarHandler.js</PAGENAME>
      <PAGETYPE>X</PAGETYPE>
      <LAYOUTLANGU>E</LAYOUTLANGU>
      <VERSION>A</VERSION>
      <LANGU>E</LANGU>
     </ATTRIBUTES>
    </item>
    <item>
     <ATTRIBUTES>
      <APPLNAME>Z_PROJ_HOW_V2</APPLNAME>
      <PAGEKEY>EXT/FRAGMENT/PLANNINGCALENDAR/HANDLER/PLANNINGCALENDARHANDLER.JS.MAP</PAGEKEY>
      <PAGENAME>ext/fragment/PlanningCalendar/handler/PlanningCalendarHandler.js.map</PAGENAME>
      <PAGETYPE>X</PAGETYPE>
      <LAYOUTLANGU>E</LAYOUTLANGU>
      <VERSION>A</VERSION>
      <LANGU>E</LANGU>
     </ATTRIBUTES>
    </item>
    <item>
     <ATTRIBUTES>
      <APPLNAME>Z_PROJ_HOW_V2</APPLNAME>
      <PAGEKEY>EXT/FRAGMENT/PLANNINGCALENDAR/VIEWS/CALENDARDETAILS.FRAGMENT.XML</PAGEKEY>
      <PAGENAME>ext/fragment/PlanningCalendar/views/CalendarDetails.fragment.xml</PAGENAME>
      <PAGETYPE>X</PAGETYPE>
      <LAYOUTLANGU>E</LAYOUTLANGU>
      <VERSION>A</VERSION>
      <LANGU>E</LANGU>
     </ATTRIBUTES>
    </item>
    <item>
     <ATTRIBUTES>
      <APPLNAME>Z_PROJ_HOW_V2</APPLNAME>
      <PAGEKEY>EXT/FRAGMENT/PLANNINGCALENDAR/VIEWS/CALENDARMODIFY.FRAGMENT.XML</PAGEKEY>
      <PAGENAME>ext/fragment/PlanningCalendar/views/CalendarModify.fragment.xml</PAGENAME>
      <PAGETYPE>X</PAGETYPE>
      <LAYOUTLANGU>E</LAYOUTLANGU>
      <VERSION>A</VERSION>
      <LANGU>E</LANGU>
     </ATTRIBUTES>
    </item>
    <item>
     <ATTRIBUTES>
      <APPLNAME>Z_PROJ_HOW_V2</APPLNAME>
      <PAGEKEY>EXT/FRAGMENT/PLANNINGCALENDAR/VIEWS/PLANNINGCALENDAR.FRAGMENT.XML</PAGEKEY>
      <PAGENAME>ext/fragment/PlanningCalendar/views/PlanningCalendar.fragment.xml</PAGENAME>
      <PAGETYPE>X</PAGETYPE>
      <LAYOUTLANGU>E</LAYOUTLANGU>
      <VERSION>A</VERSION>
      <LANGU>E</LANGU>
     </ATTRIBUTES>
    </item>
    <item>
     <ATTRIBUTES>
      <APPLNAME>Z_PROJ_HOW_V2</APPLNAME>
      <PAGEKEY>I18N/I18N.PROPERTIES</PAGEKEY>
      <PAGENAME>i18n/i18n.properties</PAGENAME>
      <PAGETYPE>X</PAGETYPE>
      <LAYOUTLANGU>E</LAYOUTLANGU>
      <VERSION>A</VERSION>
      <LANGU>E</LANGU>
     </ATTRIBUTES>
    </item>
    <item>
     <ATTRIBUTES>
      <APPLNAME>Z_PROJ_HOW_V2</APPLNAME>
      <PAGEKEY>INDEX.HTML</PAGEKEY>
      <PAGENAME>index.html</PAGENAME>
      <MIMETYPE>text/html</MIMETYPE>
      <IS_START_PAGE>X</IS_START_PAGE>
      <LAYOUTLANGU>E</LAYOUTLANGU>
      <VERSION>A</VERSION>
      <LANGU>E</LANGU>
     </ATTRIBUTES>
    </item>
    <item>
     <ATTRIBUTES>
      <APPLNAME>Z_PROJ_HOW_V2</APPLNAME>
      <PAGEKEY>LOCALSERVICE/METADATA.XML</PAGEKEY>
      <PAGENAME>localService/metadata.xml</PAGENAME>
      <PAGETYPE>X</PAGETYPE>
      <LAYOUTLANGU>E</LAYOUTLANGU>
      <VERSION>A</VERSION>
      <LANGU>E</LANGU>
     </ATTRIBUTES>
    </item>
    <item>
     <ATTRIBUTES>
      <APPLNAME>Z_PROJ_HOW_V2</APPLNAME>
      <PAGEKEY>MANIFEST.JSON</PAGEKEY>
      <PAGENAME>manifest.json</PAGENAME>
      <PAGETYPE>X</PAGETYPE>
      <LAYOUTLANGU>E</LAYOUTLANGU>
      <VERSION>A</VERSION>
      <LANGU>E</LANGU>
     </ATTRIBUTES>
    </item>
    <item>
     <ATTRIBUTES>
      <APPLNAME>Z_PROJ_HOW_V2</APPLNAME>
      <PAGEKEY>THIRDPARTY/CUSTOMCONTROL/SPREADSHEETIMPORTER/V0_25_3/COMPONENT.JS</PAGEKEY>
      <PAGENAME>thirdparty/customControl/spreadsheetImporter/v0_25_3/Component.js</PAGENAME>
      <PAGETYPE>X</PAGETYPE>
      <LAYOUTLANGU>E</LAYOUTLANGU>
      <VERSION>A</VERSION>
      <LANGU>E</LANGU>
     </ATTRIBUTES>
    </item>
    <item>
     <ATTRIBUTES>
      <APPLNAME>Z_PROJ_HOW_V2</APPLNAME>
      <PAGEKEY>THIRDPARTY/CUSTOMCONTROL/SPREADSHEETIMPORTER/V0_25_3/COMPONENT.JS.MAP</PAGEKEY>
      <PAGENAME>thirdparty/customControl/spreadsheetImporter/v0_25_3/Component.js.map</PAGENAME>
      <PAGETYPE>X</PAGETYPE>
      <LAYOUTLANGU>E</LAYOUTLANGU>
      <VERSION>A</VERSION>
      <LANGU>E</LANGU>
     </ATTRIBUTES>
    </item>
    <item>
     <ATTRIBUTES>
      <APPLNAME>Z_PROJ_HOW_V2</APPLNAME>
      <PAGEKEY>THIRDPARTY/CUSTOMCONTROL/SPREADSHEETIMPORTER/V0_25_3/CSS/STYLE.CSS</PAGEKEY>
      <PAGENAME>thirdparty/customControl/spreadsheetImporter/v0_25_3/css/style.css</PAGENAME>
      <PAGETYPE>X</PAGETYPE>
      <LAYOUTLANGU>E</LAYOUTLANGU>
      <VERSION>A</VERSION>
      <LANGU>E</LANGU>
     </ATTRIBUTES>
    </item>
    <item>
     <ATTRIBUTES>
      <APPLNAME>Z_PROJ_HOW_V2</APPLNAME>
      <PAGEKEY>THIRDPARTY/CUSTOMCONTROL/SPREADSHEETIMPORTER/V0_25_3/ENUMS.JS</PAGEKEY>
      <PAGENAME>thirdparty/customControl/spreadsheetImporter/v0_25_3/enums.js</PAGENAME>
      <PAGETYPE>X</PAGETYPE>
      <LAYOUTLANGU>E</LAYOUTLANGU>
      <VERSION>A</VERSION>
      <LANGU>E</LANGU>
     </ATTRIBUTES>
    </item>
    <item>
     <ATTRIBUTES>
      <APPLNAME>Z_PROJ_HOW_V2</APPLNAME>
      <PAGEKEY>THIRDPARTY/CUSTOMCONTROL/SPREADSHEETIMPORTER/V0_25_3/ENUMS.JS.MAP</PAGEKEY>
      <PAGENAME>thirdparty/customControl/spreadsheetImporter/v0_25_3/enums.js.map</PAGENAME>
      <PAGETYPE>X</PAGETYPE>
      <LAYOUTLANGU>E</LAYOUTLANGU>
      <VERSION>A</VERSION>
      <LANGU>E</LANGU>
     </ATTRIBUTES>
    </item>
    <item>
     <ATTRIBUTES>
      <APPLNAME>Z_PROJ_HOW_V2</APPLNAME>
      <PAGEKEY>THIRDPARTY/CUSTOMCONTROL/SPREADSHEETIMPORTER/V0_25_3/MANIFEST.JSON</PAGEKEY>
      <PAGENAME>thirdparty/customControl/spreadsheetImporter/v0_25_3/manifest.json</PAGENAME>
      <PAGETYPE>X</PAGETYPE>
      <LAYOUTLANGU>E</LAYOUTLANGU>
      <VERSION>A</VERSION>
      <LANGU>E</LANGU>
     </ATTRIBUTES>
    </item>
    <item>
     <ATTRIBUTES>
      <APPLNAME>Z_PROJ_HOW_V2</APPLNAME>
      <PAGEKEY>UI50044CCD1A244A3C8127CEC0E502AF208743BE6F4</PAGEKEY>
      <PAGENAME>UI50044CCD1A244A3C8127CEC0E502AF208743BE6F4</PAGENAME>
      <PAGETYPE>X</PAGETYPE>
      <LAYOUTLANGU>E</LAYOUTLANGU>
      <VERSION>A</VERSION>
      <LANGU>E</LANGU>
     </ATTRIBUTES>
    </item>
    <item>
     <ATTRIBUTES>
      <APPLNAME>Z_PROJ_HOW_V2</APPLNAME>
      <PAGEKEY>UI502CD0EAD3D6DBB7369A49799AE32E1F41F41CC67</PAGEKEY>
      <PAGENAME>UI502CD0EAD3D6DBB7369A49799AE32E1F41F41CC67</PAGENAME>
      <PAGETYPE>X</PAGETYPE>
      <LAYOUTLANGU>E</LAYOUTLANGU>
      <VERSION>A</VERSION>
      <LANGU>E</LANGU>
     </ATTRIBUTES>
    </item>
    <item>
     <ATTRIBUTES>
      <APPLNAME>Z_PROJ_HOW_V2</APPLNAME>
      <PAGEKEY>UI504F610B197BFBD91CA996015617F29037E3561C0</PAGEKEY>
      <PAGENAME>UI504F610B197BFBD91CA996015617F29037E3561C0</PAGENAME>
      <PAGETYPE>X</PAGETYPE>
      <LAYOUTLANGU>E</LAYOUTLANGU>
      <VERSION>A</VERSION>
      <LANGU>E</LANGU>
     </ATTRIBUTES>
    </item>
    <item>
     <ATTRIBUTES>
      <APPLNAME>Z_PROJ_HOW_V2</APPLNAME>
      <PAGEKEY>UI50D3B1373942D338529BCB0F7FBD684B3E0B57391</PAGEKEY>
      <PAGENAME>UI50D3B1373942D338529BCB0F7FBD684B3E0B57391</PAGENAME>
      <PAGETYPE>X</PAGETYPE>
      <LAYOUTLANGU>E</LAYOUTLANGU>
      <VERSION>A</VERSION>
      <LANGU>E</LANGU>
     </ATTRIBUTES>
    </item>
    <item>
     <ATTRIBUTES>
      <APPLNAME>Z_PROJ_HOW_V2</APPLNAME>
      <PAGEKEY>UI511EF8122B7583BBF3F90341EDC80B7C16E494E7B</PAGEKEY>
      <PAGENAME>UI511EF8122B7583BBF3F90341EDC80B7C16E494E7B</PAGENAME>
      <PAGETYPE>X</PAGETYPE>
      <LAYOUTLANGU>E</LAYOUTLANGU>
      <VERSION>A</VERSION>
      <LANGU>E</LANGU>
     </ATTRIBUTES>
    </item>
    <item>
     <ATTRIBUTES>
      <APPLNAME>Z_PROJ_HOW_V2</APPLNAME>
      <PAGEKEY>UI51AA5C7ACA3151175E4EF7C12744E4634519A8FB8</PAGEKEY>
      <PAGENAME>UI51AA5C7ACA3151175E4EF7C12744E4634519A8FB8</PAGENAME>
      <PAGETYPE>X</PAGETYPE>
      <LAYOUTLANGU>E</LAYOUTLANGU>
      <VERSION>A</VERSION>
      <LANGU>E</LANGU>
     </ATTRIBUTES>
    </item>
    <item>
     <ATTRIBUTES>
      <APPLNAME>Z_PROJ_HOW_V2</APPLNAME>
      <PAGEKEY>UI51B3F97825F49629EDFD3733D75A4C345791E1297</PAGEKEY>
      <PAGENAME>UI51B3F97825F49629EDFD3733D75A4C345791E1297</PAGENAME>
      <PAGETYPE>X</PAGETYPE>
      <LAYOUTLANGU>E</LAYOUTLANGU>
      <VERSION>A</VERSION>
      <LANGU>E</LANGU>
     </ATTRIBUTES>
    </item>
    <item>
     <ATTRIBUTES>
      <APPLNAME>Z_PROJ_HOW_V2</APPLNAME>
      <PAGEKEY>UI51B6819357A62B310E2D17D8798C0C7D425FF2597</PAGEKEY>
      <PAGENAME>UI51B6819357A62B310E2D17D8798C0C7D425FF2597</PAGENAME>
      <PAGETYPE>X</PAGETYPE>
      <LAYOUTLANGU>E</LAYOUTLANGU>
      <VERSION>A</VERSION>
      <LANGU>E</LANGU>
     </ATTRIBUTES>
    </item>
    <item>
     <ATTRIBUTES>
      <APPLNAME>Z_PROJ_HOW_V2</APPLNAME>
      <PAGEKEY>UI51D7A80698A485A772B3CFD19AC0CF9CDA03DC1C2</PAGEKEY>
      <PAGENAME>UI51D7A80698A485A772B3CFD19AC0CF9CDA03DC1C2</PAGENAME>
      <PAGETYPE>X</PAGETYPE>
      <LAYOUTLANGU>E</LAYOUTLANGU>
      <VERSION>A</VERSION>
      <LANGU>E</LANGU>
     </ATTRIBUTES>
    </item>
    <item>
     <ATTRIBUTES>
      <APPLNAME>Z_PROJ_HOW_V2</APPLNAME>
      <PAGEKEY>UI5224F084AD4A608EAC87A875A4C104E39C52E1A4B</PAGEKEY>
      <PAGENAME>UI5224F084AD4A608EAC87A875A4C104E39C52E1A4B</PAGENAME>
      <PAGETYPE>X</PAGETYPE>
      <LAYOUTLANGU>E</LAYOUTLANGU>
      <VERSION>A</VERSION>
      <LANGU>E</LANGU>
     </ATTRIBUTES>
    </item>
    <item>
     <ATTRIBUTES>
      <APPLNAME>Z_PROJ_HOW_V2</APPLNAME>
      <PAGEKEY>UI52CAFBF12EA61B95D91D9A43BBEBD495ECD81A643</PAGEKEY>
      <PAGENAME>UI52CAFBF12EA61B95D91D9A43BBEBD495ECD81A643</PAGENAME>
      <PAGETYPE>X</PAGETYPE>
      <LAYOUTLANGU>E</LAYOUTLANGU>
      <VERSION>A</VERSION>
      <LANGU>E</LANGU>
     </ATTRIBUTES>
    </item>
    <item>
     <ATTRIBUTES>
      <APPLNAME>Z_PROJ_HOW_V2</APPLNAME>
      <PAGEKEY>UI52D36B6CD16707ACFC03DFC67C26FBF5BD50E0157</PAGEKEY>
      <PAGENAME>UI52D36B6CD16707ACFC03DFC67C26FBF5BD50E0157</PAGENAME>
      <PAGETYPE>X</PAGETYPE>
      <LAYOUTLANGU>E</LAYOUTLANGU>
      <VERSION>A</VERSION>
      <LANGU>E</LANGU>
     </ATTRIBUTES>
    </item>
    <item>
     <ATTRIBUTES>
      <APPLNAME>Z_PROJ_HOW_V2</APPLNAME>
      <PAGEKEY>UI52E167D07A5B20A6CB7F7413A30A5E53F8C18E7A4</PAGEKEY>
      <PAGENAME>UI52E167D07A5B20A6CB7F7413A30A5E53F8C18E7A4</PAGENAME>
      <PAGETYPE>X</PAGETYPE>
      <LAYOUTLANGU>E</LAYOUTLANGU>
      <VERSION>A</VERSION>
      <LANGU>E</LANGU>
     </ATTRIBUTES>
    </item>
    <item>
     <ATTRIBUTES>
      <APPLNAME>Z_PROJ_HOW_V2</APPLNAME>
      <PAGEKEY>UI530619111EE57B99AD5FA3AF75C29B3FE28F32D9A</PAGEKEY>
      <PAGENAME>UI530619111EE57B99AD5FA3AF75C29B3FE28F32D9A</PAGENAME>
      <PAGETYPE>X</PAGETYPE>
      <LAYOUTLANGU>E</LAYOUTLANGU>
      <VERSION>A</VERSION>
      <LANGU>E</LANGU>
     </ATTRIBUTES>
    </item>
    <item>
     <ATTRIBUTES>
      <APPLNAME>Z_PROJ_HOW_V2</APPLNAME>
      <PAGEKEY>UI53B151E46ACE733A82B6E9BB1868F632F23685DAD</PAGEKEY>
      <PAGENAME>UI53B151E46ACE733A82B6E9BB1868F632F23685DAD</PAGENAME>
      <PAGETYPE>X</PAGETYPE>
      <LAYOUTLANGU>E</LAYOUTLANGU>
      <VERSION>A</VERSION>
      <LANGU>E</LANGU>
     </ATTRIBUTES>
    </item>
    <item>
     <ATTRIBUTES>
      <APPLNAME>Z_PROJ_HOW_V2</APPLNAME>
      <PAGEKEY>UI53B415750B6563408E49D01564763E8B6B79A2B4C</PAGEKEY>
      <PAGENAME>UI53B415750B6563408E49D01564763E8B6B79A2B4C</PAGENAME>
      <PAGETYPE>X</PAGETYPE>
      <LAYOUTLANGU>E</LAYOUTLANGU>
      <VERSION>A</VERSION>
      <LANGU>E</LANGU>
     </ATTRIBUTES>
    </item>
    <item>
     <ATTRIBUTES>
      <APPLNAME>Z_PROJ_HOW_V2</APPLNAME>
      <PAGEKEY>UI53BF71780C78974E2C4EB6374D8844C4DB9E4394D</PAGEKEY>
      <PAGENAME>UI53BF71780C78974E2C4EB6374D8844C4DB9E4394D</PAGENAME>
      <PAGETYPE>X</PAGETYPE>
      <LAYOUTLANGU>E</LAYOUTLANGU>
      <VERSION>A</VERSION>
      <LANGU>E</LANGU>
     </ATTRIBUTES>
    </item>
    <item>
     <ATTRIBUTES>
      <APPLNAME>Z_PROJ_HOW_V2</APPLNAME>
      <PAGEKEY>UI547117AA480D09DA2B58916114F10F63C0A43DB78</PAGEKEY>
      <PAGENAME>UI547117AA480D09DA2B58916114F10F63C0A43DB78</PAGENAME>
      <PAGETYPE>X</PAGETYPE>
      <LAYOUTLANGU>E</LAYOUTLANGU>
      <VERSION>A</VERSION>
      <LANGU>E</LANGU>
     </ATTRIBUTES>
    </item>
    <item>
     <ATTRIBUTES>
      <APPLNAME>Z_PROJ_HOW_V2</APPLNAME>
      <PAGEKEY>UI5471EAEC6A5351D531D0AAE3BAEE5A7578AEAEC53</PAGEKEY>
      <PAGENAME>UI5471EAEC6A5351D531D0AAE3BAEE5A7578AEAEC53</PAGENAME>
      <PAGETYPE>X</PAGETYPE>
      <LAYOUTLANGU>E</LAYOUTLANGU>
      <VERSION>A</VERSION>
      <LANGU>E</LANGU>
     </ATTRIBUTES>
    </item>
    <item>
     <ATTRIBUTES>
      <APPLNAME>Z_PROJ_HOW_V2</APPLNAME>
      <PAGEKEY>UI54757467A498BE5FC8385031C2C78D4F9209872AD</PAGEKEY>
      <PAGENAME>UI54757467A498BE5FC8385031C2C78D4F9209872AD</PAGENAME>
      <PAGETYPE>X</PAGETYPE>
      <LAYOUTLANGU>E</LAYOUTLANGU>
      <VERSION>A</VERSION>
      <LANGU>E</LANGU>
     </ATTRIBUTES>
    </item>
    <item>
     <ATTRIBUTES>
      <APPLNAME>Z_PROJ_HOW_V2</APPLNAME>
      <PAGEKEY>UI549985D0FF3A3455C3AAF7B8C817981108BD3AA23</PAGEKEY>
      <PAGENAME>UI549985D0FF3A3455C3AAF7B8C817981108BD3AA23</PAGENAME>
      <PAGETYPE>X</PAGETYPE>
      <LAYOUTLANGU>E</LAYOUTLANGU>
      <VERSION>A</VERSION>
      <LANGU>E</LANGU>
     </ATTRIBUTES>
    </item>
    <item>
     <ATTRIBUTES>
      <APPLNAME>Z_PROJ_HOW_V2</APPLNAME>
      <PAGEKEY>UI549B9E7C53E7585D126F489AFEBDD3CC7AB969FE0</PAGEKEY>
      <PAGENAME>UI549B9E7C53E7585D126F489AFEBDD3CC7AB969FE0</PAGENAME>
      <PAGETYPE>X</PAGETYPE>
      <LAYOUTLANGU>E</LAYOUTLANGU>
      <VERSION>A</VERSION>
      <LANGU>E</LANGU>
     </ATTRIBUTES>
    </item>
    <item>
     <ATTRIBUTES>
      <APPLNAME>Z_PROJ_HOW_V2</APPLNAME>
      <PAGEKEY>UI54B49D0A379327FBC63A91CF15D6267CA8C54E7F3</PAGEKEY>
      <PAGENAME>UI54B49D0A379327FBC63A91CF15D6267CA8C54E7F3</PAGENAME>
      <PAGETYPE>X</PAGETYPE>
      <LAYOUTLANGU>E</LAYOUTLANGU>
      <VERSION>A</VERSION>
      <LANGU>E</LANGU>
     </ATTRIBUTES>
    </item>
    <item>
     <ATTRIBUTES>
      <APPLNAME>Z_PROJ_HOW_V2</APPLNAME>
      <PAGEKEY>UI54E52EB502330B4F86CF88F8B20CAB2F04C9ABDD4</PAGEKEY>
      <PAGENAME>UI54E52EB502330B4F86CF88F8B20CAB2F04C9ABDD4</PAGENAME>
      <PAGETYPE>X</PAGETYPE>
      <LAYOUTLANGU>E</LAYOUTLANGU>
      <VERSION>A</VERSION>
      <LANGU>E</LANGU>
     </ATTRIBUTES>
    </item>
    <item>
     <ATTRIBUTES>
      <APPLNAME>Z_PROJ_HOW_V2</APPLNAME>
      <PAGEKEY>UI54E99198452E631045BBDCAE1AC6A1E91F7F5EB5F</PAGEKEY>
      <PAGENAME>UI54E99198452E631045BBDCAE1AC6A1E91F7F5EB5F</PAGENAME>
      <PAGETYPE>X</PAGETYPE>
      <LAYOUTLANGU>E</LAYOUTLANGU>
      <VERSION>A</VERSION>
      <LANGU>E</LANGU>
     </ATTRIBUTES>
    </item>
    <item>
     <ATTRIBUTES>
      <APPLNAME>Z_PROJ_HOW_V2</APPLNAME>
      <PAGEKEY>UI54FBA8D7E1A8E63E3C93DC45DE6157DB9AF302F02</PAGEKEY>
      <PAGENAME>UI54FBA8D7E1A8E63E3C93DC45DE6157DB9AF302F02</PAGENAME>
      <PAGETYPE>X</PAGETYPE>
      <LAYOUTLANGU>E</LAYOUTLANGU>
      <VERSION>A</VERSION>
      <LANGU>E</LANGU>
     </ATTRIBUTES>
    </item>
    <item>
     <ATTRIBUTES>
      <APPLNAME>Z_PROJ_HOW_V2</APPLNAME>
      <PAGEKEY>UI554327B379A3B17FFA3A908B87783EF371EC14613</PAGEKEY>
      <PAGENAME>UI554327B379A3B17FFA3A908B87783EF371EC14613</PAGENAME>
      <PAGETYPE>X</PAGETYPE>
      <LAYOUTLANGU>E</LAYOUTLANGU>
      <VERSION>A</VERSION>
      <LANGU>E</LANGU>
     </ATTRIBUTES>
    </item>
    <item>
     <ATTRIBUTES>
      <APPLNAME>Z_PROJ_HOW_V2</APPLNAME>
      <PAGEKEY>UI555CD45A1B34DFCFBF165307486C3DBD7DE6C45B7</PAGEKEY>
      <PAGENAME>UI555CD45A1B34DFCFBF165307486C3DBD7DE6C45B7</PAGENAME>
      <PAGETYPE>X</PAGETYPE>
      <LAYOUTLANGU>E</LAYOUTLANGU>
      <VERSION>A</VERSION>
      <LANGU>E</LANGU>
     </ATTRIBUTES>
    </item>
    <item>
     <ATTRIBUTES>
      <APPLNAME>Z_PROJ_HOW_V2</APPLNAME>
      <PAGEKEY>UI557CF5CD537FC7FD6ABD94DE90D5321044743BE20</PAGEKEY>
      <PAGENAME>UI557CF5CD537FC7FD6ABD94DE90D5321044743BE20</PAGENAME>
      <PAGETYPE>X</PAGETYPE>
      <LAYOUTLANGU>E</LAYOUTLANGU>
      <VERSION>A</VERSION>
      <LANGU>E</LANGU>
     </ATTRIBUTES>
    </item>
    <item>
     <ATTRIBUTES>
      <APPLNAME>Z_PROJ_HOW_V2</APPLNAME>
      <PAGEKEY>UI559226E4A2912B1E5E2333296659279335EB73E19</PAGEKEY>
      <PAGENAME>UI559226E4A2912B1E5E2333296659279335EB73E19</PAGENAME>
      <PAGETYPE>X</PAGETYPE>
      <LAYOUTLANGU>E</LAYOUTLANGU>
      <VERSION>A</VERSION>
      <LANGU>E</LANGU>
     </ATTRIBUTES>
    </item>
    <item>
     <ATTRIBUTES>
      <APPLNAME>Z_PROJ_HOW_V2</APPLNAME>
      <PAGEKEY>UI55C65A9A5E60D7DBD3753A1642A8F28BD4F4D67D7</PAGEKEY>
      <PAGENAME>UI55C65A9A5E60D7DBD3753A1642A8F28BD4F4D67D7</PAGENAME>
      <PAGETYPE>X</PAGETYPE>
      <LAYOUTLANGU>E</LAYOUTLANGU>
      <VERSION>A</VERSION>
      <LANGU>E</LANGU>
     </ATTRIBUTES>
    </item>
    <item>
     <ATTRIBUTES>
      <APPLNAME>Z_PROJ_HOW_V2</APPLNAME>
      <PAGEKEY>UI55F9027BBA3940DFA9C838A1C699A455C4208628E</PAGEKEY>
      <PAGENAME>UI55F9027BBA3940DFA9C838A1C699A455C4208628E</PAGENAME>
      <PAGETYPE>X</PAGETYPE>
      <LAYOUTLANGU>E</LAYOUTLANGU>
      <VERSION>A</VERSION>
      <LANGU>E</LANGU>
     </ATTRIBUTES>
    </item>
    <item>
     <ATTRIBUTES>
      <APPLNAME>Z_PROJ_HOW_V2</APPLNAME>
      <PAGEKEY>UI55FC1540ED9360EC83D8FA0D8BD3F1304FD811C50</PAGEKEY>
      <PAGENAME>UI55FC1540ED9360EC83D8FA0D8BD3F1304FD811C50</PAGENAME>
      <PAGETYPE>X</PAGETYPE>
      <LAYOUTLANGU>E</LAYOUTLANGU>
      <VERSION>A</VERSION>
      <LANGU>E</LANGU>
     </ATTRIBUTES>
    </item>
    <item>
     <ATTRIBUTES>
      <APPLNAME>Z_PROJ_HOW_V2</APPLNAME>
      <PAGEKEY>UI56C462F178CFC69A7C3A5B854AE9421463C9546B9</PAGEKEY>
      <PAGENAME>UI56C462F178CFC69A7C3A5B854AE9421463C9546B9</PAGENAME>
      <PAGETYPE>X</PAGETYPE>
      <LAYOUTLANGU>E</LAYOUTLANGU>
      <VERSION>A</VERSION>
      <LANGU>E</LANGU>
     </ATTRIBUTES>
    </item>
    <item>
     <ATTRIBUTES>
      <APPLNAME>Z_PROJ_HOW_V2</APPLNAME>
      <PAGEKEY>UI56FCAEEF2C83B353EFE7E560AC39DDC1940293DA2</PAGEKEY>
      <PAGENAME>UI56FCAEEF2C83B353EFE7E560AC39DDC1940293DA2</PAGENAME>
      <PAGETYPE>X</PAGETYPE>
      <LAYOUTLANGU>E</LAYOUTLANGU>
      <VERSION>A</VERSION>
      <LANGU>E</LANGU>
     </ATTRIBUTES>
    </item>
    <item>
     <ATTRIBUTES>
      <APPLNAME>Z_PROJ_HOW_V2</APPLNAME>
      <PAGEKEY>UI57115D0B36951CF33F1206A544E4FD194B13CCAD8</PAGEKEY>
      <PAGENAME>UI57115D0B36951CF33F1206A544E4FD194B13CCAD8</PAGENAME>
      <PAGETYPE>X</PAGETYPE>
      <LAYOUTLANGU>E</LAYOUTLANGU>
      <VERSION>A</VERSION>
      <LANGU>E</LANGU>
     </ATTRIBUTES>
    </item>
    <item>
     <ATTRIBUTES>
      <APPLNAME>Z_PROJ_HOW_V2</APPLNAME>
      <PAGEKEY>UI5792AC00FD93AAF5C3B05EBF714608A8594F351E7</PAGEKEY>
      <PAGENAME>UI5792AC00FD93AAF5C3B05EBF714608A8594F351E7</PAGENAME>
      <PAGETYPE>X</PAGETYPE>
      <LAYOUTLANGU>E</LAYOUTLANGU>
      <VERSION>A</VERSION>
      <LANGU>E</LANGU>
     </ATTRIBUTES>
    </item>
    <item>
     <ATTRIBUTES>
      <APPLNAME>Z_PROJ_HOW_V2</APPLNAME>
      <PAGEKEY>UI579B70D5A880B6385E556B0B91CD67E253693BFB5</PAGEKEY>
      <PAGENAME>UI579B70D5A880B6385E556B0B91CD67E253693BFB5</PAGENAME>
      <PAGETYPE>X</PAGETYPE>
      <LAYOUTLANGU>E</LAYOUTLANGU>
      <VERSION>A</VERSION>
      <LANGU>E</LANGU>
     </ATTRIBUTES>
    </item>
    <item>
     <ATTRIBUTES>
      <APPLNAME>Z_PROJ_HOW_V2</APPLNAME>
      <PAGEKEY>UI579C61281957D5264A90B0C39A9FC66F767A60BF2</PAGEKEY>
      <PAGENAME>UI579C61281957D5264A90B0C39A9FC66F767A60BF2</PAGENAME>
      <PAGETYPE>X</PAGETYPE>
      <LAYOUTLANGU>E</LAYOUTLANGU>
      <VERSION>A</VERSION>
      <LANGU>E</LANGU>
     </ATTRIBUTES>
    </item>
    <item>
     <ATTRIBUTES>
      <APPLNAME>Z_PROJ_HOW_V2</APPLNAME>
      <PAGEKEY>UI57A348311209717923D25F236EEF3BD3EDD9AEB82</PAGEKEY>
      <PAGENAME>UI57A348311209717923D25F236EEF3BD3EDD9AEB82</PAGENAME>
      <PAGETYPE>X</PAGETYPE>
      <LAYOUTLANGU>E</LAYOUTLANGU>
      <VERSION>A</VERSION>
      <LANGU>E</LANGU>
     </ATTRIBUTES>
    </item>
    <item>
     <ATTRIBUTES>
      <APPLNAME>Z_PROJ_HOW_V2</APPLNAME>
      <PAGEKEY>UI57A72F1CBB21A4CA4E943D54044F8E9FAFC774153</PAGEKEY>
      <PAGENAME>UI57A72F1CBB21A4CA4E943D54044F8E9FAFC774153</PAGENAME>
      <PAGETYPE>X</PAGETYPE>
      <LAYOUTLANGU>E</LAYOUTLANGU>
      <VERSION>A</VERSION>
      <LANGU>E</LANGU>
     </ATTRIBUTES>
    </item>
    <item>
     <ATTRIBUTES>
      <APPLNAME>Z_PROJ_HOW_V2</APPLNAME>
      <PAGEKEY>UI57E6AE53E98BEDB0B24E4C2AE3B0E014EB24892E9</PAGEKEY>
      <PAGENAME>UI57E6AE53E98BEDB0B24E4C2AE3B0E014EB24892E9</PAGENAME>
      <PAGETYPE>X</PAGETYPE>
      <LAYOUTLANGU>E</LAYOUTLANGU>
      <VERSION>A</VERSION>
      <LANGU>E</LANGU>
     </ATTRIBUTES>
    </item>
    <item>
     <ATTRIBUTES>
      <APPLNAME>Z_PROJ_HOW_V2</APPLNAME>
      <PAGEKEY>UI5890BBA1422DCCF2C0183BF5252648DB72101BFEB</PAGEKEY>
      <PAGENAME>UI5890BBA1422DCCF2C0183BF5252648DB72101BFEB</PAGENAME>
      <PAGETYPE>X</PAGETYPE>
      <LAYOUTLANGU>E</LAYOUTLANGU>
      <VERSION>A</VERSION>
      <LANGU>E</LANGU>
     </ATTRIBUTES>
    </item>
    <item>
     <ATTRIBUTES>
      <APPLNAME>Z_PROJ_HOW_V2</APPLNAME>
      <PAGEKEY>UI58BD3A15BD429D2BF6DCB135687B6BA3E64D0F83D</PAGEKEY>
      <PAGENAME>UI58BD3A15BD429D2BF6DCB135687B6BA3E64D0F83D</PAGENAME>
      <PAGETYPE>X</PAGETYPE>
      <LAYOUTLANGU>E</LAYOUTLANGU>
      <VERSION>A</VERSION>
      <LANGU>E</LANGU>
     </ATTRIBUTES>
    </item>
    <item>
     <ATTRIBUTES>
      <APPLNAME>Z_PROJ_HOW_V2</APPLNAME>
      <PAGEKEY>UI59617F2E544F7D921200185BF66953662092A5751</PAGEKEY>
      <PAGENAME>UI59617F2E544F7D921200185BF66953662092A5751</PAGENAME>
      <PAGETYPE>X</PAGETYPE>
      <LAYOUTLANGU>E</LAYOUTLANGU>
      <VERSION>A</VERSION>
      <LANGU>E</LANGU>
     </ATTRIBUTES>
    </item>
    <item>
     <ATTRIBUTES>
      <APPLNAME>Z_PROJ_HOW_V2</APPLNAME>
      <PAGEKEY>UI59823D1B17D7A4C5EA8F10158C53C5048D213D6C4</PAGEKEY>
      <PAGENAME>UI59823D1B17D7A4C5EA8F10158C53C5048D213D6C4</PAGENAME>
      <PAGETYPE>X</PAGETYPE>
      <LAYOUTLANGU>E</LAYOUTLANGU>
      <VERSION>A</VERSION>
      <LANGU>E</LANGU>
     </ATTRIBUTES>
    </item>
    <item>
     <ATTRIBUTES>
      <APPLNAME>Z_PROJ_HOW_V2</APPLNAME>
      <PAGEKEY>UI5983D3D55B2D6B4BCCDA59000DDE9093824B56FAC</PAGEKEY>
      <PAGENAME>UI5983D3D55B2D6B4BCCDA59000DDE9093824B56FAC</PAGENAME>
      <PAGETYPE>X</PAGETYPE>
      <LAYOUTLANGU>E</LAYOUTLANGU>
      <VERSION>A</VERSION>
      <LANGU>E</LANGU>
     </ATTRIBUTES>
    </item>
    <item>
     <ATTRIBUTES>
      <APPLNAME>Z_PROJ_HOW_V2</APPLNAME>
      <PAGEKEY>UI5998D97B267DCF6C31BD1569E8D040163B49B6B1B</PAGEKEY>
      <PAGENAME>UI5998D97B267DCF6C31BD1569E8D040163B49B6B1B</PAGENAME>
      <PAGETYPE>X</PAGETYPE>
      <LAYOUTLANGU>E</LAYOUTLANGU>
      <VERSION>A</VERSION>
      <LANGU>E</LANGU>
     </ATTRIBUTES>
    </item>
    <item>
     <ATTRIBUTES>
      <APPLNAME>Z_PROJ_HOW_V2</APPLNAME>
      <PAGEKEY>UI599DA49FFC99F8B6F394A6150CCA72D6F0126906A</PAGEKEY>
      <PAGENAME>UI599DA49FFC99F8B6F394A6150CCA72D6F0126906A</PAGENAME>
      <PAGETYPE>X</PAGETYPE>
      <LAYOUTLANGU>E</LAYOUTLANGU>
      <VERSION>A</VERSION>
      <LANGU>E</LANGU>
     </ATTRIBUTES>
    </item>
    <item>
     <ATTRIBUTES>
      <APPLNAME>Z_PROJ_HOW_V2</APPLNAME>
      <PAGEKEY>UI59A232307A482A26BB9107D81535A2601A431E110</PAGEKEY>
      <PAGENAME>UI59A232307A482A26BB9107D81535A2601A431E110</PAGENAME>
      <PAGETYPE>X</PAGETYPE>
      <LAYOUTLANGU>E</LAYOUTLANGU>
      <VERSION>A</VERSION>
      <LANGU>E</LANGU>
     </ATTRIBUTES>
    </item>
    <item>
     <ATTRIBUTES>
      <APPLNAME>Z_PROJ_HOW_V2</APPLNAME>
      <PAGEKEY>UI5A64399048028568217A9179C388C71F4059AC1D8</PAGEKEY>
      <PAGENAME>UI5A64399048028568217A9179C388C71F4059AC1D8</PAGENAME>
      <PAGETYPE>X</PAGETYPE>
      <LAYOUTLANGU>E</LAYOUTLANGU>
      <VERSION>A</VERSION>
      <LANGU>E</LANGU>
     </ATTRIBUTES>
    </item>
    <item>
     <ATTRIBUTES>
      <APPLNAME>Z_PROJ_HOW_V2</APPLNAME>
      <PAGEKEY>UI5A858034375551674CAED66546D3FEC89930BA696</PAGEKEY>
      <PAGENAME>UI5A858034375551674CAED66546D3FEC89930BA696</PAGENAME>
      <PAGETYPE>X</PAGETYPE>
      <LAYOUTLANGU>E</LAYOUTLANGU>
      <VERSION>A</VERSION>
      <LANGU>E</LANGU>
     </ATTRIBUTES>
    </item>
    <item>
     <ATTRIBUTES>
      <APPLNAME>Z_PROJ_HOW_V2</APPLNAME>
      <PAGEKEY>UI5ABE275989280666836C27A840584CBCE2CECDBA7</PAGEKEY>
      <PAGENAME>UI5ABE275989280666836C27A840584CBCE2CECDBA7</PAGENAME>
      <PAGETYPE>X</PAGETYPE>
      <LAYOUTLANGU>E</LAYOUTLANGU>
      <VERSION>A</VERSION>
      <LANGU>E</LANGU>
     </ATTRIBUTES>
    </item>
    <item>
     <ATTRIBUTES>
      <APPLNAME>Z_PROJ_HOW_V2</APPLNAME>
      <PAGEKEY>UI5AC046259A44677361D08FB272A58FD2BD73419A5</PAGEKEY>
      <PAGENAME>UI5AC046259A44677361D08FB272A58FD2BD73419A5</PAGENAME>
      <PAGETYPE>X</PAGETYPE>
      <LAYOUTLANGU>E</LAYOUTLANGU>
      <VERSION>A</VERSION>
      <LANGU>E</LANGU>
     </ATTRIBUTES>
    </item>
    <item>
     <ATTRIBUTES>
      <APPLNAME>Z_PROJ_HOW_V2</APPLNAME>
      <PAGEKEY>UI5AF085D3F800D701B09D028DC94BF77956408E43B</PAGEKEY>
      <PAGENAME>UI5AF085D3F800D701B09D028DC94BF77956408E43B</PAGENAME>
      <PAGETYPE>X</PAGETYPE>
      <LAYOUTLANGU>E</LAYOUTLANGU>
      <VERSION>A</VERSION>
      <LANGU>E</LANGU>
     </ATTRIBUTES>
    </item>
    <item>
     <ATTRIBUTES>
      <APPLNAME>Z_PROJ_HOW_V2</APPLNAME>
      <PAGEKEY>UI5B2B5D24238268DEF4FA05063EBE5142BBCACE17B</PAGEKEY>
      <PAGENAME>UI5B2B5D24238268DEF4FA05063EBE5142BBCACE17B</PAGENAME>
      <PAGETYPE>X</PAGETYPE>
      <LAYOUTLANGU>E</LAYOUTLANGU>
      <VERSION>A</VERSION>
      <LANGU>E</LANGU>
     </ATTRIBUTES>
    </item>
    <item>
     <ATTRIBUTES>
      <APPLNAME>Z_PROJ_HOW_V2</APPLNAME>
      <PAGEKEY>UI5B6930CCAD7158862793CF99FB5C45CC2ADC47F5E</PAGEKEY>
      <PAGENAME>UI5B6930CCAD7158862793CF99FB5C45CC2ADC47F5E</PAGENAME>
      <PAGETYPE>X</PAGETYPE>
      <LAYOUTLANGU>E</LAYOUTLANGU>
      <VERSION>A</VERSION>
      <LANGU>E</LANGU>
     </ATTRIBUTES>
    </item>
    <item>
     <ATTRIBUTES>
      <APPLNAME>Z_PROJ_HOW_V2</APPLNAME>
      <PAGEKEY>UI5B8DB77814C98F94F115ECB830112B6A2B34FA0D2</PAGEKEY>
      <PAGENAME>UI5B8DB77814C98F94F115ECB830112B6A2B34FA0D2</PAGENAME>
      <PAGETYPE>X</PAGETYPE>
      <LAYOUTLANGU>E</LAYOUTLANGU>
      <VERSION>A</VERSION>
      <LANGU>E</LANGU>
     </ATTRIBUTES>
    </item>
    <item>
     <ATTRIBUTES>
      <APPLNAME>Z_PROJ_HOW_V2</APPLNAME>
      <PAGEKEY>UI5BA814D74EBC3E60F0F29929BDAF5830B3E9FF946</PAGEKEY>
      <PAGENAME>UI5BA814D74EBC3E60F0F29929BDAF5830B3E9FF946</PAGENAME>
      <PAGETYPE>X</PAGETYPE>
      <LAYOUTLANGU>E</LAYOUTLANGU>
      <VERSION>A</VERSION>
      <LANGU>E</LANGU>
     </ATTRIBUTES>
    </item>
    <item>
     <ATTRIBUTES>
      <APPLNAME>Z_PROJ_HOW_V2</APPLNAME>
      <PAGEKEY>UI5BE80FD7796A1BB9C69F8129AAF031C8D66BECDCF</PAGEKEY>
      <PAGENAME>UI5BE80FD7796A1BB9C69F8129AAF031C8D66BECDCF</PAGENAME>
      <PAGETYPE>X</PAGETYPE>
      <LAYOUTLANGU>E</LAYOUTLANGU>
      <VERSION>A</VERSION>
      <LANGU>E</LANGU>
     </ATTRIBUTES>
    </item>
    <item>
     <ATTRIBUTES>
      <APPLNAME>Z_PROJ_HOW_V2</APPLNAME>
      <PAGEKEY>UI5C09E1B4DD33AA7FCE49BF1189393320593E5DA94</PAGEKEY>
      <PAGENAME>UI5C09E1B4DD33AA7FCE49BF1189393320593E5DA94</PAGENAME>
      <PAGETYPE>X</PAGETYPE>
      <LAYOUTLANGU>E</LAYOUTLANGU>
      <VERSION>A</VERSION>
      <LANGU>E</LANGU>
     </ATTRIBUTES>
    </item>
    <item>
     <ATTRIBUTES>
      <APPLNAME>Z_PROJ_HOW_V2</APPLNAME>
      <PAGEKEY>UI5C2D4D55870E3EE49E67C0C147FCD22EDA23680AD</PAGEKEY>
      <PAGENAME>UI5C2D4D55870E3EE49E67C0C147FCD22EDA23680AD</PAGENAME>
      <PAGETYPE>X</PAGETYPE>
      <LAYOUTLANGU>E</LAYOUTLANGU>
      <VERSION>A</VERSION>
      <LANGU>E</LANGU>
     </ATTRIBUTES>
    </item>
    <item>
     <ATTRIBUTES>
      <APPLNAME>Z_PROJ_HOW_V2</APPLNAME>
      <PAGEKEY>UI5C45C4795844908027565F7A69771A1AAB1C4D2EA</PAGEKEY>
      <PAGENAME>UI5C45C4795844908027565F7A69771A1AAB1C4D2EA</PAGENAME>
      <PAGETYPE>X</PAGETYPE>
      <LAYOUTLANGU>E</LAYOUTLANGU>
      <VERSION>A</VERSION>
      <LANGU>E</LANGU>
     </ATTRIBUTES>
    </item>
    <item>
     <ATTRIBUTES>
      <APPLNAME>Z_PROJ_HOW_V2</APPLNAME>
      <PAGEKEY>UI5C7C43DCF54198F0A0FF683B13D2F0D5ABB30D4A1</PAGEKEY>
      <PAGENAME>UI5C7C43DCF54198F0A0FF683B13D2F0D5ABB30D4A1</PAGENAME>
      <PAGETYPE>X</PAGETYPE>
      <LAYOUTLANGU>E</LAYOUTLANGU>
      <VERSION>A</VERSION>
      <LANGU>E</LANGU>
     </ATTRIBUTES>
    </item>
    <item>
     <ATTRIBUTES>
      <APPLNAME>Z_PROJ_HOW_V2</APPLNAME>
      <PAGEKEY>UI5C9D30E8511522343F2AC5699077EEB30A0001061</PAGEKEY>
      <PAGENAME>UI5C9D30E8511522343F2AC5699077EEB30A0001061</PAGENAME>
      <PAGETYPE>X</PAGETYPE>
      <LAYOUTLANGU>E</LAYOUTLANGU>
      <VERSION>A</VERSION>
      <LANGU>E</LANGU>
     </ATTRIBUTES>
    </item>
    <item>
     <ATTRIBUTES>
      <APPLNAME>Z_PROJ_HOW_V2</APPLNAME>
      <PAGEKEY>UI5CC90556EEFCD49AACA5DFE58365BA0274B36ABEC</PAGEKEY>
      <PAGENAME>UI5CC90556EEFCD49AACA5DFE58365BA0274B36ABEC</PAGENAME>
      <PAGETYPE>X</PAGETYPE>
      <LAYOUTLANGU>E</LAYOUTLANGU>
      <VERSION>A</VERSION>
      <LANGU>E</LANGU>
     </ATTRIBUTES>
    </item>
    <item>
     <ATTRIBUTES>
      <APPLNAME>Z_PROJ_HOW_V2</APPLNAME>
      <PAGEKEY>UI5CEF338364292094DA8CAB693D188AAE7C7E4FA91</PAGEKEY>
      <PAGENAME>UI5CEF338364292094DA8CAB693D188AAE7C7E4FA91</PAGENAME>
      <PAGETYPE>X</PAGETYPE>
      <LAYOUTLANGU>E</LAYOUTLANGU>
      <VERSION>A</VERSION>
      <LANGU>E</LANGU>
     </ATTRIBUTES>
    </item>
    <item>
     <ATTRIBUTES>
      <APPLNAME>Z_PROJ_HOW_V2</APPLNAME>
      <PAGEKEY>UI5D17E224C16CE0950BF7DEB8BBC685580EE93C7B0</PAGEKEY>
      <PAGENAME>UI5D17E224C16CE0950BF7DEB8BBC685580EE93C7B0</PAGENAME>
      <PAGETYPE>X</PAGETYPE>
      <LAYOUTLANGU>E</LAYOUTLANGU>
      <VERSION>A</VERSION>
      <LANGU>E</LANGU>
     </ATTRIBUTES>
    </item>
    <item>
     <ATTRIBUTES>
      <APPLNAME>Z_PROJ_HOW_V2</APPLNAME>
      <PAGEKEY>UI5D346817D4C35E0FB8D98D8EBF5E1EF094BB5B7E2</PAGEKEY>
      <PAGENAME>UI5D346817D4C35E0FB8D98D8EBF5E1EF094BB5B7E2</PAGENAME>
      <PAGETYPE>X</PAGETYPE>
      <LAYOUTLANGU>E</LAYOUTLANGU>
      <VERSION>A</VERSION>
      <LANGU>E</LANGU>
     </ATTRIBUTES>
    </item>
    <item>
     <ATTRIBUTES>
      <APPLNAME>Z_PROJ_HOW_V2</APPLNAME>
      <PAGEKEY>UI5D94BEB88FB862D376858E0EE993A0753F8E6CDD9</PAGEKEY>
      <PAGENAME>UI5D94BEB88FB862D376858E0EE993A0753F8E6CDD9</PAGENAME>
      <PAGETYPE>X</PAGETYPE>
      <LAYOUTLANGU>E</LAYOUTLANGU>
      <VERSION>A</VERSION>
      <LANGU>E</LANGU>
     </ATTRIBUTES>
    </item>
    <item>
     <ATTRIBUTES>
      <APPLNAME>Z_PROJ_HOW_V2</APPLNAME>
      <PAGEKEY>UI5D9F706856A0769237A610BFAF7A5DA8457CE4B80</PAGEKEY>
      <PAGENAME>UI5D9F706856A0769237A610BFAF7A5DA8457CE4B80</PAGENAME>
      <PAGETYPE>X</PAGETYPE>
      <LAYOUTLANGU>E</LAYOUTLANGU>
      <VERSION>A</VERSION>
      <LANGU>E</LANGU>
     </ATTRIBUTES>
    </item>
    <item>
     <ATTRIBUTES>
      <APPLNAME>Z_PROJ_HOW_V2</APPLNAME>
      <PAGEKEY>UI5DA7363CCE5D26E683218A5925B5C8D50C10912B4</PAGEKEY>
      <PAGENAME>UI5DA7363CCE5D26E683218A5925B5C8D50C10912B4</PAGENAME>
      <PAGETYPE>X</PAGETYPE>
      <LAYOUTLANGU>E</LAYOUTLANGU>
      <VERSION>A</VERSION>
      <LANGU>E</LANGU>
     </ATTRIBUTES>
    </item>
    <item>
     <ATTRIBUTES>
      <APPLNAME>Z_PROJ_HOW_V2</APPLNAME>
      <PAGEKEY>UI5DCF710CADAB8A6E88025D5E5BDDB64E8CE4A467A</PAGEKEY>
      <PAGENAME>UI5DCF710CADAB8A6E88025D5E5BDDB64E8CE4A467A</PAGENAME>
      <PAGETYPE>X</PAGETYPE>
      <LAYOUTLANGU>E</LAYOUTLANGU>
      <VERSION>A</VERSION>
      <LANGU>E</LANGU>
     </ATTRIBUTES>
    </item>
    <item>
     <ATTRIBUTES>
      <APPLNAME>Z_PROJ_HOW_V2</APPLNAME>
      <PAGEKEY>UI5DD36726EB130B3E044EE0F422E9CCA43BE80BAE0</PAGEKEY>
      <PAGENAME>UI5DD36726EB130B3E044EE0F422E9CCA43BE80BAE0</PAGENAME>
      <PAGETYPE>X</PAGETYPE>
      <LAYOUTLANGU>E</LAYOUTLANGU>
      <VERSION>A</VERSION>
      <LANGU>E</LANGU>
     </ATTRIBUTES>
    </item>
    <item>
     <ATTRIBUTES>
      <APPLNAME>Z_PROJ_HOW_V2</APPLNAME>
      <PAGEKEY>UI5DDB93FF39B8D90D73CA0B2288F2523D674CB25AC</PAGEKEY>
      <PAGENAME>UI5DDB93FF39B8D90D73CA0B2288F2523D674CB25AC</PAGENAME>
      <PAGETYPE>X</PAGETYPE>
      <LAYOUTLANGU>E</LAYOUTLANGU>
      <VERSION>A</VERSION>
      <LANGU>E</LANGU>
     </ATTRIBUTES>
    </item>
    <item>
     <ATTRIBUTES>
      <APPLNAME>Z_PROJ_HOW_V2</APPLNAME>
      <PAGEKEY>UI5E06A07B9EF3439C08A4ABE550FB9682CE9681B87</PAGEKEY>
      <PAGENAME>UI5E06A07B9EF3439C08A4ABE550FB9682CE9681B87</PAGENAME>
      <PAGETYPE>X</PAGETYPE>
      <LAYOUTLANGU>E</LAYOUTLANGU>
      <VERSION>A</VERSION>
      <LANGU>E</LANGU>
     </ATTRIBUTES>
    </item>
    <item>
     <ATTRIBUTES>
      <APPLNAME>Z_PROJ_HOW_V2</APPLNAME>
      <PAGEKEY>UI5E3156FE653FF14DCE318CEB55CF5E879E911A772</PAGEKEY>
      <PAGENAME>UI5E3156FE653FF14DCE318CEB55CF5E879E911A772</PAGENAME>
      <PAGETYPE>X</PAGETYPE>
      <LAYOUTLANGU>E</LAYOUTLANGU>
      <VERSION>A</VERSION>
      <LANGU>E</LANGU>
     </ATTRIBUTES>
    </item>
    <item>
     <ATTRIBUTES>
      <APPLNAME>Z_PROJ_HOW_V2</APPLNAME>
      <PAGEKEY>UI5E3F8A257E84FD8C1A9AA1F7EED7386D627F3C70F</PAGEKEY>
      <PAGENAME>UI5E3F8A257E84FD8C1A9AA1F7EED7386D627F3C70F</PAGENAME>
      <PAGETYPE>X</PAGETYPE>
      <LAYOUTLANGU>E</LAYOUTLANGU>
      <VERSION>A</VERSION>
      <LANGU>E</LANGU>
     </ATTRIBUTES>
    </item>
    <item>
     <ATTRIBUTES>
      <APPLNAME>Z_PROJ_HOW_V2</APPLNAME>
      <PAGEKEY>UI5E6753AC0F16D7019121A34E9E79BACBE9D6D8F2E</PAGEKEY>
      <PAGENAME>UI5E6753AC0F16D7019121A34E9E79BACBE9D6D8F2E</PAGENAME>
      <PAGETYPE>X</PAGETYPE>
      <LAYOUTLANGU>E</LAYOUTLANGU>
      <VERSION>A</VERSION>
      <LANGU>E</LANGU>
     </ATTRIBUTES>
    </item>
    <item>
     <ATTRIBUTES>
      <APPLNAME>Z_PROJ_HOW_V2</APPLNAME>
      <PAGEKEY>UI5E8633BE1538CE9A7155BC353DBF3BBBF11A5A814</PAGEKEY>
      <PAGENAME>UI5E8633BE1538CE9A7155BC353DBF3BBBF11A5A814</PAGENAME>
      <PAGETYPE>X</PAGETYPE>
      <LAYOUTLANGU>E</LAYOUTLANGU>
      <VERSION>A</VERSION>
      <LANGU>E</LANGU>
     </ATTRIBUTES>
    </item>
    <item>
     <ATTRIBUTES>
      <APPLNAME>Z_PROJ_HOW_V2</APPLNAME>
      <PAGEKEY>UI5EF290F2AAD513CABDD9EF84C22BF697068ECB94E</PAGEKEY>
      <PAGENAME>UI5EF290F2AAD513CABDD9EF84C22BF697068ECB94E</PAGENAME>
      <PAGETYPE>X</PAGETYPE>
      <LAYOUTLANGU>E</LAYOUTLANGU>
      <VERSION>A</VERSION>
      <LANGU>E</LANGU>
     </ATTRIBUTES>
    </item>
    <item>
     <ATTRIBUTES>
      <APPLNAME>Z_PROJ_HOW_V2</APPLNAME>
      <PAGEKEY>UI5F1E0AB1BDB50D3FDE1231569DF9FE0E81E92848A</PAGEKEY>
      <PAGENAME>UI5F1E0AB1BDB50D3FDE1231569DF9FE0E81E92848A</PAGENAME>
      <PAGETYPE>X</PAGETYPE>
      <LAYOUTLANGU>E</LAYOUTLANGU>
      <VERSION>A</VERSION>
      <LANGU>E</LANGU>
     </ATTRIBUTES>
    </item>
    <item>
     <ATTRIBUTES>
      <APPLNAME>Z_PROJ_HOW_V2</APPLNAME>
      <PAGEKEY>UI5F2BBF185E78AAC31515F02D4427ABD2A9576169C</PAGEKEY>
      <PAGENAME>UI5F2BBF185E78AAC31515F02D4427ABD2A9576169C</PAGENAME>
      <PAGETYPE>X</PAGETYPE>
      <LAYOUTLANGU>E</LAYOUTLANGU>
      <VERSION>A</VERSION>
      <LANGU>E</LANGU>
     </ATTRIBUTES>
    </item>
    <item>
     <ATTRIBUTES>
      <APPLNAME>Z_PROJ_HOW_V2</APPLNAME>
      <PAGEKEY>UI5F9C553E77C370B146C804FB525514778AAC58CC8</PAGEKEY>
      <PAGENAME>UI5F9C553E77C370B146C804FB525514778AAC58CC8</PAGENAME>
      <PAGETYPE>X</PAGETYPE>
      <LAYOUTLANGU>E</LAYOUTLANGU>
      <VERSION>A</VERSION>
      <LANGU>E</LANGU>
     </ATTRIBUTES>
    </item>
    <item>
     <ATTRIBUTES>
      <APPLNAME>Z_PROJ_HOW_V2</APPLNAME>
      <PAGEKEY>UI5FA8A02BACFD149985420D1E6091C8F26F1E0B983</PAGEKEY>
      <PAGENAME>UI5FA8A02BACFD149985420D1E6091C8F26F1E0B983</PAGENAME>
      <PAGETYPE>X</PAGETYPE>
      <LAYOUTLANGU>E</LAYOUTLANGU>
      <VERSION>A</VERSION>
      <LANGU>E</LANGU>
     </ATTRIBUTES>
    </item>
    <item>
     <ATTRIBUTES>
      <APPLNAME>Z_PROJ_HOW_V2</APPLNAME>
      <PAGEKEY>UI5FDD7F14ECD9F23B77635D1E5E02BA590CB82B9F3</PAGEKEY>
      <PAGENAME>UI5FDD7F14ECD9F23B77635D1E5E02BA590CB82B9F3</PAGENAME>
      <PAGETYPE>X</PAGETYPE>
      <LAYOUTLANGU>E</LAYOUTLANGU>
      <VERSION>A</VERSION>
      <LANGU>E</LANGU>
     </ATTRIBUTES>
    </item>
    <item>
     <ATTRIBUTES>
      <APPLNAME>Z_PROJ_HOW_V2</APPLNAME>
      <PAGEKEY>UI5REPOSITORYPATHMAPPING.XML</PAGEKEY>
      <PAGENAME>UI5RepositoryPathMapping.xml</PAGENAME>
      <PAGETYPE>X</PAGETYPE>
      <LAYOUTLANGU>E</LAYOUTLANGU>
      <VERSION>A</VERSION>
      <LANGU>E</LANGU>
     </ATTRIBUTES>
    </item>
   </PAGES>
  </asx:values>
 </asx:abap>
</abapGit>
