<edmx:Edmx xmlns:edmx="http://docs.oasis-open.org/odata/ns/edmx" Version="4.0">                                                                                                                                                                                
    <edmx:Reference Uri="https://sap.github.io/odata-vocabularies/vocabularies/UI.xml">                                                                                                                                                                        
        <edmx:Include Namespace="com.sap.vocabularies.UI.v1" Alias="UI"/>                                                                                                                                                                                      
    </edmx:Reference>                                                                                                                                                                                                                                          
    <edmx:Reference Uri="/sap/opu/odata4/sap/zui_demo_s4_project_int_o4/srvd/sap/zui_demo_s4_project_interface/0001/$metadata">                                                                                                                                
        <edmx:Include Namespace="com.sap.gateway.srvd.zui_demo_s4_project_interface.v0001" Alias="SAP__self"/>                                                                                                                                                 
    </edmx:Reference>                                                                                                                                                                                                                                          
    <edmx:DataServices>                                                                                                                                                                                                                                        
        <Schema xmlns="http://docs.oasis-open.org/odata/ns/edm" Namespace="local">                                                                                                                                                                             
            <Annotations Target="SAP__self.CharmsType">                                                                                                                                                                                                        
                <Annotation Term="UI.LineItem">                                                                                                                                                                                                                
                    <Collection>                                                                                                                                                                                                                               
                        <Record Type="UI.DataField">                                                                                                                                                                                                           
                            <PropertyValue Property="Label" String="Charm Number"/>                                                                                                                                                                            
                            <PropertyValue Property="Value" Path="CharmNumber"/>                                                                                                                                                                               
                        </Record>                                                                                                                                                                                                                              
                        <Record Type="UI.DataField">                                                                                                                                                                                                           
                            <PropertyValue Property="Label" String="Transport Request"/>                                                                                                                                                                       
                            <PropertyValue Property="Value" Path="TransportRequest"/>                                                                                                                                                                          
                        </Record>                                                                                                                                                                                                                              
                        <Record Type="UI.DataField">                                                                                                                                                                                                           
                            <PropertyValue Property="Label" String="Description"/>                                                                                                                                                                             
                            <PropertyValue Property="Value" Path="Description"/>                                                                                                                                                                               
                        </Record>                                                                                                                                                                                                                              
                        <Record Type="UI.DataField">                                                                                                                                                                                                           
                            <PropertyValue Property="Label" String="Charm Created At"/>                                                                                                                                                                        
                            <PropertyValue Property="Value" Path="DateCreated"/>                                                                                                                                                                               
                        </Record>                                                                                                                                                                                                                              
                    </Collection>                                                                                                                                                                                                                              
                </Annotation>                                                                                                                                                                                                                                  
                <Annotation Term="UI.HeaderInfo">                                                                                                                                                                                                              
                    <Record>                                                                                                                                                                                                                                   
                        <PropertyValue Property="TypeName" String="Charm"/>                                                                                                                                                                                    
                        <PropertyValue Property="TypeNamePlural" String="Charms"/>                                                                                                                                                                             
                        <PropertyValue Property="Title">                                                                                                                                                                                                       
                            <Record Type="UI.DataField">                                                                                                                                                                                                       
                                <PropertyValue Property="Value" Path="CharmNumber"/>                                                                                                                                                                           
                            </Record>                                                                                                                                                                                                                          
                        </PropertyValue>                                                                                                                                                                                                                       
                    </Record>                                                                                                                                                                                                                                  
                </Annotation>                                                                                                                                                                                                                                  
            </Annotations>                                                                                                                                                                                                                                     
        </Schema>                                                                                                                                                                                                                                              
    </edmx:DataServices>                                                                                                                                                                                                                                       
</edmx:Edmx>                                                                                                                                                                                                                                                   