{                                                                                                                                                                                                                                                              
  "_version": "1.37.0",                                                                                                                                                                                                                                        
  "sap.app": {                                                                                                                                                                                                                                                 
    "id": "initialtest1",                                                                                                                                                                                                                                      
    "type": "application",                                                                                                                                                                                                                                     
    "i18n": "i18n/i18n.properties",                                                                                                                                                                                                                            
    "applicationVersion": {                                                                                                                                                                                                                                    
      "version": "0.0.1"                                                                                                                                                                                                                                       
    },                                                                                                                                                                                                                                                         
    "title": "{{appTitle}}",                                                                                                                                                                                                                                   
    "description": "{{appDescription}}",                                                                                                                                                                                                                       
    "resources": "resources.json",                                                                                                                                                                                                                             
    "sourceTemplate": {                                                                                                                                                                                                                                        
      "id": "@sap/generator-fiori:lrop",                                                                                                                                                                                                                       
      "version": "1.10.2",                                                                                                                                                                                                                                     
      "toolsId": "6f5ae090-e950-46ee-be9c-042d215ad3aa"                                                                                                                                                                                                        
    },                                                                                                                                                                                                                                                         
    "dataSources": {                                                                                                                                                                                                                                           
      "mainService": {                                                                                                                                                                                                                                         
        "uri": "/sap/opu/odata/sap/ZUI_DEMO_S4_PROJECT_INT_O2/",                                                                                                                                                                                               
        "type": "OData",                                                                                                                                                                                                                                       
        "settings": {                                                                                                                                                                                                                                          
          "annotations": [                                                                                                                                                                                                                                     
            "annotation"                                                                                                                                                                                                                                       
          ],                                                                                                                                                                                                                                                   
          "localUri": "localService/metadata.xml",                                                                                                                                                                                                             
          "odataVersion": "2.0"                                                                                                                                                                                                                                
        }                                                                                                                                                                                                                                                      
      },                                                                                                                                                                                                                                                       
      "annotation": {                                                                                                                                                                                                                                          
        "type": "ODataAnnotation",                                                                                                                                                                                                                             
        "uri": "annotations/annotation.xml",                                                                                                                                                                                                                   
        "settings": {                                                                                                                                                                                                                                          
          "localUri": "annotations/annotation.xml"                                                                                                                                                                                                             
        }                                                                                                                                                                                                                                                      
      }                                                                                                                                                                                                                                                        
    }                                                                                                                                                                                                                                                          
  },                                                                                                                                                                                                                                                           
  "sap.ui": {                                                                                                                                                                                                                                                  
    "technology": "UI5",                                                                                                                                                                                                                                       
    "icons": {                                                                                                                                                                                                                                                 
      "icon": "",                                                                                                                                                                                                                                              
      "favIcon": "",                                                                                                                                                                                                                                           
      "phone": "",                                                                                                                                                                                                                                             
      "phone@2": "",                                                                                                                                                                                                                                           
      "tablet": "",                                                                                                                                                                                                                                            
      "tablet@2": ""                                                                                                                                                                                                                                           
    },                                                                                                                                                                                                                                                         
    "deviceTypes": {                                                                                                                                                                                                                                           
      "desktop": true,                                                                                                                                                                                                                                         
      "tablet": true,                                                                                                                                                                                                                                          
      "phone": true                                                                                                                                                                                                                                            
    }                                                                                                                                                                                                                                                          
  },                                                                                                                                                                                                                                                           
  "sap.ui5": {                                                                                                                                                                                                                                                 
    "flexEnabled": true,                                                                                                                                                                                                                                       
    "dependencies": {                                                                                                                                                                                                                                          
      "minUI5Version": "1.96.6",                                                                                                                                                                                                                               
      "libs": {                                                                                                                                                                                                                                                
        "sap.m": {},                                                                                                                                                                                                                                           
        "sap.ui.core": {},                                                                                                                                                                                                                                     
        "sap.ushell": {},                                                                                                                                                                                                                                      
        "sap.f": {},                                                                                                                                                                                                                                           
        "sap.ui.comp": {},                                                                                                                                                                                                                                     
        "sap.ui.generic.app": {},                                                                                                                                                                                                                              
        "sap.suite.ui.generic.template": {}                                                                                                                                                                                                                    
      }                                                                                                                                                                                                                                                        
    },                                                                                                                                                                                                                                                         
    "contentDensities": {                                                                                                                                                                                                                                      
      "compact": true,                                                                                                                                                                                                                                         
      "cozy": true                                                                                                                                                                                                                                             
    },                                                                                                                                                                                                                                                         
    "models": {                                                                                                                                                                                                                                                
      "i18n": {                                                                                                                                                                                                                                                
        "type": "sap.ui.model.resource.ResourceModel",                                                                                                                                                                                                         
        "settings": {                                                                                                                                                                                                                                          
          "bundleName": "initialtest1.i18n.i18n"                                                                                                                                                                                                               
        }                                                                                                                                                                                                                                                      
      },                                                                                                                                                                                                                                                       
      "": {                                                                                                                                                                                                                                                    
        "dataSource": "mainService",                                                                                                                                                                                                                           
        "preload": true,                                                                                                                                                                                                                                       
        "settings": {                                                                                                                                                                                                                                          
          "defaultBindingMode": "TwoWay",                                                                                                                                                                                                                      
          "defaultCountMode": "Inline",                                                                                                                                                                                                                        
          "refreshAfterChange": false,                                                                                                                                                                                                                         
          "metadataUrlParams": {                                                                                                                                                                                                                               
            "sap-value-list": "none"                                                                                                                                                                                                                           
          }                                                                                                                                                                                                                                                    
        }                                                                                                                                                                                                                                                      
      },                                                                                                                                                                                                                                                       
      "@i18n": {                                                                                                                                                                                                                                               
        "type": "sap.ui.model.resource.ResourceModel",                                                                                                                                                                                                         
        "uri": "i18n/i18n.properties"                                                                                                                                                                                                                          
      }                                                                                                                                                                                                                                                        
    },                                                                                                                                                                                                                                                         
    "resources": {                                                                                                                                                                                                                                             
      "css": []                                                                                                                                                                                                                                                
    },                                                                                                                                                                                                                                                         
    "routing": {                                                                                                                                                                                                                                               
      "config": {},                                                                                                                                                                                                                                            
      "routes": [],                                                                                                                                                                                                                                            
      "targets": {}                                                                                                                                                                                                                                            
    }                                                                                                                                                                                                                                                          
  },                                                                                                                                                                                                                                                           
  "sap.ui.generic.app": {                                                                                                                                                                                                                                      
    "_version": "1.3.0",                                                                                                                                                                                                                                       
    "settings": {                                                                                                                                                                                                                                              
      "forceGlobalRefresh": false,                                                                                                                                                                                                                             
      "objectPageHeaderType": "Dynamic",                                                                                                                                                                                                                       
      "considerAnalyticalParameters": true,                                                                                                                                                                                                                    
      "showDraftToggle": false                                                                                                                                                                                                                                 
    },                                                                                                                                                                                                                                                         
    "pages": {                                                                                                                                                                                                                                                 
      "ListReport|Projects": {                                                                                                                                                                                                                                 
        "entitySet": "Projects",                                                                                                                                                                                                                               
        "component": {                                                                                                                                                                                                                                         
          "name": "sap.suite.ui.generic.template.ListReport",                                                                                                                                                                                                  
          "list": true,                                                                                                                                                                                                                                        
          "settings": {                                                                                                                                                                                                                                        
            "condensedTableLayout": true,                                                                                                                                                                                                                      
            "smartVariantManagement": true,                                                                                                                                                                                                                    
            "enableTableFilterInPageVariant": true,                                                                                                                                                                                                            
            "filterSettings": {                                                                                                                                                                                                                                
              "dateSettings": {                                                                                                                                                                                                                                
                "useDateRange": true                                                                                                                                                                                                                           
              }                                                                                                                                                                                                                                                
            }                                                                                                                                                                                                                                                  
          }                                                                                                                                                                                                                                                    
        },                                                                                                                                                                                                                                                     
        "pages": {                                                                                                                                                                                                                                             
          "ObjectPage|Projects": {                                                                                                                                                                                                                             
            "entitySet": "Projects",                                                                                                                                                                                                                           
            "defaultLayoutTypeIfExternalNavigation": "MidColumnFullScreen",                                                                                                                                                                                    
            "component": {                                                                                                                                                                                                                                     
              "name": "sap.suite.ui.generic.template.ObjectPage"                                                                                                                                                                                               
            },                                                                                                                                                                                                                                                 
            "pages": {                                                                                                                                                                                                                                         
              "ObjectPage|to_Objects": {                                                                                                                                                                                                                       
                "navigationProperty": "to_Objects",                                                                                                                                                                                                            
                "entitySet": "Objects",                                                                                                                                                                                                                        
                "defaultLayoutTypeIfExternalNavigation": "MidColumnFullScreen",                                                                                                                                                                                
                "component": {                                                                                                                                                                                                                                 
                  "name": "sap.suite.ui.generic.template.ObjectPage"                                                                                                                                                                                           
                }                                                                                                                                                                                                                                              
              }                                                                                                                                                                                                                                                
            }                                                                                                                                                                                                                                                  
          }                                                                                                                                                                                                                                                    
        }                                                                                                                                                                                                                                                      
      }                                                                                                                                                                                                                                                        
    }                                                                                                                                                                                                                                                          
  },                                                                                                                                                                                                                                                           
  "sap.fiori": {                                                                                                                                                                                                                                               
    "registrationIds": [],                                                                                                                                                                                                                                     
    "archeType": "transactional"                                                                                                                                                                                                                               
  }                                                                                                                                                                                                                                                            
}                                                                                                                                                                                                                                                              
                                                                                                                                                                                                                                                               