﻿<?xml version="1.0" encoding="utf-8"?>
<abapGit version="v1.0.0" serializer="LCL_OBJECT_MSAG" serializer_version="v1.0.0">
 <asx:abap xmlns:asx="http://www.sap.com/abapxml" version="1.0">
  <asx:values>
   <T100A>
    <ARBGB>ZCM_DMO_FI_OPEN_POST</ARBGB>
    <MASTERLANG>E</MASTERLANG>
    <STEXT>Message class for FI open post</STEXT>
   </T100A>
   <T100>
    <T100>
     <SPRSL>E</SPRSL>
     <ARBGB>ZCM_DMO_FI_OPEN_POST</ARBGB>
     <MSGNR>001</MSGNR>
     <TEXT>&amp;1</TEXT>
    </T100>
   </T100>
  </asx:values>
 </asx:abap>
</abapGit>
