﻿<?xml version="1.0" encoding="utf-8"?>
<abapGit version="v1.0.0" serializer="LCL_OBJECT_SRVB" serializer_version="v1.0.0">
 <asx:abap xmlns:asx="http://www.sap.com/abapxml" version="1.0">
  <asx:values>
   <SRVB>
    <METADATA>
     <NAME>ZUI_DMO_S4_OPEN_ITEMS_O4</NAME>
     <TYPE>SRVB/SVB</TYPE>
     <DESCRIPTION>OData v4 Open Items</DESCRIPTION>
     <RESPONSIBLE>SMIC.DHB</RESPONSIBLE>
     <MASTER_LANGUAGE>EN</MASTER_LANGUAGE>
    </METADATA>
    <CONTENT>
     <BIND_TYPE_IMPL>
      <NAME>ZUI_DMO_S4_OPEN_ITEMS_O4</NAME>
     </BIND_TYPE_IMPL>
     <BIND_TYPE>ODATA</BIND_TYPE>
     <BIND_TYPE_VERSION>V4</BIND_TYPE_VERSION>
     <SERVICES>
      <item>
       <SERVICE_NAME>ZUI_DMO_S4_OPEN_ITEMS</SERVICE_NAME>
       <SERVICE_CONTENT>
        <item>
         <SERVICE_VERSION>0001</SERVICE_VERSION>
         <SRVD_REF>
          <URI>/sap/bc/adt/ddic/srvd/sources/zui_dmo_s4_open_items</URI>
          <TYPE>SRVD/SRV</TYPE>
          <NAME>ZUI_DMO_S4_OPEN_ITEMS</NAME>
         </SRVD_REF>
        </item>
       </SERVICE_CONTENT>
      </item>
     </SERVICES>
    </CONTENT>
    <PUBLISHED>true</PUBLISHED>
    <BINDING_CREATED>true</BINDING_CREATED>
   </SRVB>
  </asx:values>
 </asx:abap>
</abapGit>
